{
  "softmax": {
    "auroc": 0.4272153000652821,
    "tpr@osr": {
      "0.05": {
        "tpr": 0.08801624915368991,
        "threshold": 0.25074854493141174
      },
      "0.1": {
        "tpr": 0.13420059967114809,
        "threshold": 0.18385042250156403
      },
      "0.2": {
        "tpr": 0.21414063255634008,
        "threshold": 0.13188862800598145
      }
    },
    "tau20": 0.13188862800598145
  },
  "softmax lse entropy": {
    "logsumexp": {
      "auroc": 0.4611494499793982,
      "tpr@osr": {
        "0.05": {
          "tpr": 0.07308492117226037,
          "threshold": 0.275229811668396
        },
        "0.1": {
          "tpr": 0.11650062868749396,
          "threshold": -0.006239652633666992
        },
        "0.2": {
          "tpr": 0.2024373730534868,
          "threshold": -0.3471372127532959
        }
      },
      "tau20": -0.3471372127532959
    },
    "entropy": {
      "auroc": 0.5601322149318573,
      "tpr@osr": {
        "0.05": {
          "tpr": 0.12035738466002514,
          "threshold": 3.2199840545654297
        },
        "0.1": {
          "tpr": 0.19336976496759842,
          "threshold": 3.367584705352783
        },
        "0.2": {
          "tpr": 0.30990666408743595,
          "threshold": 3.498739242553711
        }
      },
      "tau20": 3.498739242553711
    }
  },
  "softmax temperature": {
    "auroc": 0.42721530429057375,
    "tpr@osr": {
      "0.05": {
        "tpr": 0.08801624915368991,
        "threshold": 0.02903107926249504
      },
      "0.1": {
        "tpr": 0.13420059967114809,
        "threshold": 0.008332456462085247
      },
      "0.2": {
        "tpr": 0.21414063255634008,
        "threshold": 0.002370611298829317
      }
    },
    "tau20": 0.002370611298829317
  },
  "softmax temperature lse entropy": {
    "logsumexp": {
      "auroc": 0.49951632485431285,
      "tpr@osr": {
        "0.05": {
          "tpr": 0.09707176709546378,
          "threshold": -4.295153617858887
        },
        "0.1": {
          "tpr": 0.15239626656349745,
          "threshold": -5.612159729003906
        },
        "0.2": {
          "tpr": 0.2483678305445401,
          "threshold": -7.129878044128418
        }
      },
      "tau20": -7.129878044128418
    },
    "entropy": {
      "auroc": 0.5879049093368033,
      "tpr@osr": {
        "0.05": {
          "tpr": 0.1441024277009382,
          "threshold": 0.2879326343536377
        },
        "0.1": {
          "tpr": 0.2258801624915369,
          "threshold": 0.5984796285629272
        },
        "0.2": {
          "tpr": 0.34452074668730054,
          "threshold": 1.0180213451385498
        }
      },
      "tau20": 1.0180213451385498
    }
  },
  "gmm": {
    "0": {
      "logsumexp": {
        "auroc": 0.5186433585322313,
        "tpr@osr": {
          "0.05": {
            "tpr": 0.07615581777734791,
            "threshold": 146.6337890625
          },
          "0.1": {
            "tpr": 0.136509817197021,
            "threshold": 130.53201293945312
          },
          "0.2": {
            "tpr": 0.24001354096140826,
            "threshold": 109.40219116210938
          }
        },
        "tau20": 109.40219116210938
      },
      "entropy": {
        "auroc": 0.5386822418311068,
        "tpr@osr": {
          "0.05": {
            "tpr": 0.10788035593384274,
            "threshold": 2.689428064670762e-40
          },
          "0.1": {
            "tpr": 0.16740013540961407,
            "threshold": 7.099786044926977e-31
          },
          "0.2": {
            "tpr": 0.26824402746880743,
            "threshold": 1.1971439067884925e-21
          }
        },
        "tau20": 1.1971439067884925e-21
      }
    },
    "1": {
      "logsumexp": {
        "auroc": 0.522651007874434,
        "tpr@osr": {
          "0.05": {
            "tpr": 0.08087097398200986,
            "threshold": 56.71424865722656
          },
          "0.1": {
            "tpr": 0.139895057549086,
            "threshold": 42.42205810546875
          },
          "0.2": {
            "tpr": 0.2408598510494245,
            "threshold": 24.10472869873047
          }
        },
        "tau20": 24.10472869873047
      },
      "entropy": {
        "auroc": 0.5261652886550098,
        "tpr@osr": {
          "0.05": {
            "tpr": 0.0945811974078731,
            "threshold": 3.618549034196266e-37
          },
          "0.1": {
            "tpr": 0.14852742044685172,
            "threshold": 4.388428184252509e-29
          },
          "0.2": {
            "tpr": 0.2480413966534481,
            "threshold": 7.267417414815535e-21
          }
        },
        "tau20": 7.267417414815535e-21
      }
    },
    "2": {
      "logsumexp": {
        "auroc": 0.5535938030056253,
        "tpr@osr": {
          "0.05": {
            "tpr": 0.0907848921559145,
            "threshold": 31.96505355834961
          },
          "0.1": {
            "tpr": 0.16233436502563112,
            "threshold": 16.032135009765625
          },
          "0.2": {
            "tpr": 0.2803341715833253,
            "threshold": -3.2890682220458984
          }
        },
        "tau20": -3.2890682220458984
      },
      "entropy": {
        "auroc": 0.5219355367742182,
        "tpr@osr": {
          "0.05": {
            "tpr": 0.09114759647935003,
            "threshold": 2.1036681799804197e-33
          },
          "0.1": {
            "tpr": 0.1435704613598994,
            "threshold": 3.885927894672331e-26
          },
          "0.2": {
            "tpr": 0.23682174291517555,
            "threshold": 6.091023022692412e-19
          }
        },
        "tau20": 6.091023022692412e-19
      }
    },
    "3": {
      "logsumexp": {
        "auroc": 0.5528849702831902,
        "tpr@osr": {
          "0.05": {
            "tpr": 0.10167811200309508,
            "threshold": 51.227447509765625
          },
          "0.1": {
            "tpr": 0.16736386497727052,
            "threshold": 33.760189056396484
          },
          "0.2": {
            "tpr": 0.27671921849308445,
            "threshold": 11.58709716796875
          }
        },
        "tau20": 11.58709716796875
      },
      "entropy": {
        "auroc": 0.5253166252830629,
        "tpr@osr": {
          "0.05": {
            "tpr": 0.0895637876003482,
            "threshold": 5.717297734445254e-43
          },
          "0.1": {
            "tpr": 0.14459812360963342,
            "threshold": 1.64904430716616e-32
          },
          "0.2": {
            "tpr": 0.24361640390753458,
            "threshold": 1.7561612636788026e-22
          }
        },
        "tau20": 1.7561612636788026e-22
      }
    },
    "4": {
      "logsumexp": {
        "auroc": 0.5745515100234988,
        "tpr@osr": {
          "0.05": {
            "tpr": 0.11772173324306026,
            "threshold": 132.20579528808594
          },
          "0.1": {
            "tpr": 0.18537817970790213,
            "threshold": 108.90438842773438
          },
          "0.2": {
            "tpr": 0.30019827836347807,
            "threshold": 79.348876953125
          }
        },
        "tau20": 79.348876953125
      },
      "entropy": {
        "auroc": 0.5432471363907978,
        "tpr@osr": {
          "0.05": {
            "tpr": 0.15817535545023698,
            "threshold": -0.0
          },
          "0.1": {
            "tpr": 0.17186139858787117,
            "threshold": 2.351659082829908e-41
          },
          "0.2": {
            "tpr": 0.27448254183189863,
            "threshold": 4.857671987405845e-28
          }
        },
        "tau20": 4.857671987405845e-28
      }
    },