{
  "baseline_closed_map": 0.5195755682615698,
  "softmax": {
    "auroc": 0.5738493411131598,
    "tpr@osr": {
      "0.05": {
        "tpr": 0.5087490961677512,
        "threshold": 0.09099365025758743
      },
      "0.1": {
        "tpr": 0.5139551699204628,
        "threshold": 0.05843665450811386
      },
      "0.2": {
        "tpr": 0.5230657989877079,
        "threshold": 0.033713601529598236
      }
    },
    "tau20": 0.033713601529598236,
    "closed_map": 0.5195755682615698,
    "open_map": 0.5663731464759292
  },
  "softmax lse entropy": {
    "logsumexp": {
      "auroc": 0.5689047804416639,
      "tpr@osr": {
        "0.05": {
          "tpr": 0.5058568329718004,
          "threshold": -2.269456624984741
        },
        "0.1": {
          "tpr": 0.5116413593637021,
          "threshold": -2.718928098678589
        },
        "0.2": {
          "tpr": 0.5195950831525669,
          "threshold": -3.211332321166992
        }
      },
      "tau20": -3.211332321166992,
      "closed_map": 0.5190512894958814,
      "open_map": 0.5661975903314237
    },
    "entropy": {
      "auroc": 0.7257502317302686,
      "tpr@osr": {
        "0.05": {
          "tpr": 0.5125090383224874,
          "threshold": 0.39193737506866455
        },
        "0.1": {
          "tpr": 0.5292841648590022,
          "threshold": 0.4492546021938324
        },
        "0.2": {
          "tpr": 0.5723788864786695,
          "threshold": 0.5066905617713928
        }
      },
      "tau20": 0.5066905617713928,
      "closed_map": 0.5200141372087732,
      "open_map": 0.5667830598146755
    }
  },
  "softmax temperature": {
    "auroc": 0.5738493444368871,
    "tpr@osr": {
      "0.05": {
        "tpr": 0.5087490961677512,
        "threshold": 7.388302037725225e-06
      },
      "0.1": {
        "tpr": 0.5139551699204628,
        "threshold": 6.349534942273749e-07
      },
      "0.2": {
        "tpr": 0.5230657989877079,
        "threshold": 3.300715079035399e-08
      }
    },
    "tau20": 3.300715079035399e-08,
    "closed_map": 0.519540299563494,
    "open_map": 0.5664856507850523
  },
  "softmax temperature lse entropy": {
    "logsumexp": {
      "auroc": 0.5740564392386307,
      "tpr@osr": {
        "0.05": {
          "tpr": 0.5065798987707881,
          "threshold": -12.986184120178223
        },
        "0.1": {
          "tpr": 0.5112075198843095,
          "threshold": -15.380934715270996
        },
        "0.2": {
          "tpr": 0.5207519884309472,
          "threshold": -17.988510131835938
        }
      },
      "tau20": -17.988510131835938,
      "closed_map": 0.5190160207978055,
      "open_map": 0.5662867006378366
    },
    "entropy": {
      "auroc": 0.7256863408279397,
      "tpr@osr": {
        "0.05": {
          "tpr": 0.5123644251626898,
          "threshold": 0.0007006291998550296
        },
        "0.1": {
          "tpr": 0.5291395516992047,
          "threshold": 0.0023263669572770596
        },
        "0.2": {
          "tpr": 0.572234273318872,
          "threshold": 0.007475526537746191
        }
      },
      "tau20": 0.007475526537746191,
      "closed_map": 0.5199788685106974,
      "open_map": 0.5668955642054745
    }
  },
  "gmm": {
    "0": {
      "logsumexp": {
        "auroc": 0.7083048068896701,
        "tpr@osr": {
          "0.05": {
            "tpr": 0.4967462039045553,
            "threshold": 264.8837890625
          },
          "0.1": {
            "tpr": 0.5272595806218365,
            "threshold": 225.57931518554688
          },
          "0.2": {
            "tpr": 0.5761388286334056,
            "threshold": 173.64617919921875
          }
        },
        "tau20": 173.64617919921875
      },
      "entropy": {
        "auroc": 0.6671235872164661,
        "tpr@osr": {
          "0.05": {
            "tpr": 0.0,
            "threshold": -Infinity
          },
          "0.1": {
            "tpr": 0.0,
            "threshold": -Infinity
          },
          "0.2": {
            "tpr": 0.6799710773680405,
            "threshold": -0.0
          }
        },
        "tau20": -0.0
      }
    },
    "1": {
      "logsumexp": {
        "auroc": 0.6774003947613094,
        "tpr@osr": {
          "0.05": {
            "tpr": 0.4698481561822126,
            "threshold": 244.83697509765625
          },
          "0.1": {
            "tpr": 0.5020968908170643,
            "threshold": 219.65960693359375
          },
          "0.2": {
            "tpr": 0.547939262472885,
            "threshold": 188.45639038085938
          }
        },
        "tau20": 188.45639038085938
      },
      "entropy": {
        "auroc": 0.751450576529309,
        "tpr@osr": {
          "0.05": {
            "tpr": 0.0,
            "threshold": -Infinity
          },
          "0.1": {
            "tpr": 0.6387563268257411,
            "threshold": -0.0
          },
          "0.2": {
            "tpr": 0.6533622559652928,
            "threshold": 3.783505853677006e-42
          }
        },
        "tau20": 3.783505853677006e-42,
        "closed_map": 0.5196587189175937,
        "open_map": 0.567096892430642
      }
    },
    "2": {
      "logsumexp": {
        "auroc": 0.6919910480501066,
        "tpr@osr": {
          "0.05": {
            "tpr": 0.48893709327548807,
            "threshold": 288.3853759765625
          },
          "0.1": {
            "tpr": 0.511352133044107,
            "threshold": 246.01168823242188
          },
          "0.2": {
            "tpr": 0.5488069414316703,
            "threshold": 184.85595703125
          }
        },
        "tau20": 184.85595703125
      },
      "entropy": {
        "auroc": 0.5927609429511898,
        "tpr@osr": {
          "0.05": {
            "tpr": 0.0,
            "threshold": -Infinity
          },
          "0.1": {
            "tpr": 0.0,
            "threshold": -Infinity
          },
          "0.2": {
            "tpr": 0.0,
            "threshold": -Infinity
          }
        },
        "tau20": -Infinity
      }
    },
    "3": {
      "logsumexp": {
        "auroc": 0.6177655784428896,
        "tpr@osr": {
          "0.05": {
            "tpr": 0.48430947216196674,
            "threshold": 373.5159606933594
          },
          "0.1": {
            "tpr": 0.49992769342010124,
            "threshold": 324.180419921875
          },
          "0.2": {
            "tpr": 0.5207519884309472,
            "threshold": 265.6102294921875
          }
        },
        "tau20": 265.6102294921875
      },
      "entropy": {
        "auroc": 0.6554449012870712,
        "tpr@osr": {
          "0.05": {
            "tpr": 0.0,
            "threshold": -Infinity
          },
          "0.1": {
            "tpr": 0.0,
            "threshold": -Infinity
          },
          "0.2": {
            "tpr": 0.0,
            "threshold": -Infinity
          }
        },
        "tau20": -Infinity
      }
    },
    "4": {
      "logsumexp": {
        "auroc": 0.637644524527069,
        "tpr@osr": {
          "0.05": {
            "tpr": 0.5060014461315979,
            "threshold": 303.16748046875
          },
          "0.1": {
            "tpr": 0.5187274041937816,
            "threshold": 208.747802734375
          },
          "0.2": {
            "tpr": 0.5372378886478669,
            "threshold": 77.5526123046875
          }
        },
        "tau20": 77.5526123046875
      },
      "entropy": {
        "auroc": 0.5355624508863892,
        "tpr@osr": {
          "0.05": {
            "tpr": 0.0,
            "threshold": -Infinity
          },
          "0.1": {
            "tpr": 0.0,
            "threshold": -Infinity
          },
          "0.2": {
            "tpr": 0.0,
            "threshold": -Infinity
          }
        },
        "tau20": -Infinity
      }
    },
    "5": {
      "logsumexp": {
        "auroc": 0.615977358858141,
        "tpr@osr": {
          "0.05": {
            "tpr": 0.48445408532176426,