{
  "baseline_closed_map": 0.5195755682615698,
  "softmax": {
    "auroc": 0.9763461350293543,
    "tpr@osr": {
      "0.05": {
        "tpr": 0.912,
        "threshold": 0.6385126113891602
      },
      "0.1": {
        "tpr": 0.9494285714285714,
        "threshold": 0.5704825520515442
      },
      "0.2": {
        "tpr": 0.9762857142857143,
        "threshold": 0.48460277915000916
      }
    },
    "tau20": 0.48460277915000916,
    "closed_map": 0.5195755682615698,
    "open_map": 0.5663731464759292
  },
  "softmax lse entropy": {
    "logsumexp": {
      "auroc": 0.9751758806262231,
      "tpr@osr": {
        "0.05": {
          "tpr": 0.9008571428571429,
          "threshold": 0.703506350517273
        },
        "0.1": {
          "tpr": 0.9465714285714286,
          "threshold": 0.4716688394546509
        },
        "0.2": {
          "tpr": 0.976,
          "threshold": 0.1825333684682846
        }
      },
      "tau20": 0.1825333684682846,
      "closed_map": 0.49233430532267836,
      "open_map": 0.5641999862054501
    },
    "entropy": {
      "auroc": 0.9886876223091977,
      "tpr@osr": {
        "0.05": {
          "tpr": 0.9745714285714285,
          "threshold": 0.2533756494522095
        },
        "0.1": {
          "tpr": 0.9814285714285714,
          "threshold": 0.3185696005821228
        },
        "0.2": {
          "tpr": 0.9862857142857143,
          "threshold": 0.3899904787540436
        }
      },
      "tau20": 0.3899904787540436,
      "closed_map": 0.5201654157313741,
      "open_map": 0.5698319366899509
    }
  },
  "softmax temperature": {
    "auroc": 0.950007881201261,
    "tpr@osr": {
      "0.05": {
        "tpr": 0.8019744483159117,
        "threshold": 0.9964589476585388
      },
      "0.1": {
        "tpr": 0.8954703832752613,
        "threshold": 0.9772422313690186
      },
      "0.2": {
        "tpr": 0.9413472706155633,
        "threshold": 0.9202172756195068
      }
    },
    "tau20": 0.9202172756195068,
    "closed_map": 0.5195573598765938,
    "open_map": 0.5665657754827831
  },
  "softmax temperature lse entropy": {
    "logsumexp": {
      "auroc": 0.9680097892815662,
      "tpr@osr": {
        "0.05": {
          "tpr": 0.874274099883856,
          "threshold": 4.414602756500244
        },
        "0.1": {
          "tpr": 0.9343786295005807,
          "threshold": 2.9158172607421875
        },
        "0.2": {
          "tpr": 0.9724157955865272,
          "threshold": 1.5592511892318726
        }
      },
      "tau20": 1.5592511892318726,
      "closed_map": 0.49131058405949546,
      "open_map": 0.5661608366487225
    },
    "entropy": {
      "auroc": 0.9879782644765223,
      "tpr@osr": {
        "0.05": {
          "tpr": 0.9660278745644599,
          "threshold": 3.6443072986003244e-06
        },
        "0.1": {
          "tpr": 0.9828687572590011,
          "threshold": 3.680684312712401e-05
        },
        "0.2": {
          "tpr": 0.9898373983739838,
          "threshold": 0.00043470339733175933
        }
      },
      "tau20": 0.00043470339733175933,
      "closed_map": 0.5201998828969532,
      "open_map": 0.5704393986924123
    }
  },
  "gmm": {
    "0": {
      "logsumexp": {
        "auroc": 0.9099712573385519,
        "tpr@osr": {
          "0.05": {
            "tpr": 0.7197142857142858,
            "threshold": 384.2304992675781
          },
          "0.1": {
            "tpr": 0.7868571428571428,
            "threshold": 369.3384094238281
          },
          "0.2": {
            "tpr": 0.8428571428571429,
            "threshold": 350.7418212890625
          }
        },
        "tau20": 350.7418212890625
      },
      "entropy": {
        "auroc": 0.7462333659491193,
        "tpr@osr": {
          "0.05": {
            "tpr": 0.0,
            "threshold": -Infinity
          },
          "0.1": {
            "tpr": 0.0,
            "threshold": -Infinity
          },
          "0.2": {
            "tpr": 0.0,
            "threshold": -Infinity
          }
        },
        "tau20": -Infinity
      }
    },
    "1": {
      "logsumexp": {
        "auroc": 0.9131265900195694,
        "tpr@osr": {
          "0.05": {
            "tpr": 0.7597142857142857,
            "threshold": 297.37628173828125
          },
          "0.1": {
            "tpr": 0.8091428571428572,
            "threshold": 283.7596435546875
          },
          "0.2": {
            "tpr": 0.8668571428571429,
            "threshold": 263.67041015625
          }
        },
        "tau20": 263.67041015625
      },
      "entropy": {
        "auroc": 0.8071706213307241,
        "tpr@osr": {
          "0.05": {
            "tpr": 0.0,
            "threshold": -Infinity
          },
          "0.1": {
            "tpr": 0.0,
            "threshold": -Infinity
          },
          "0.2": {
            "tpr": 0.9911428571428571,
            "threshold": -0.0
          }
        },
        "tau20": -0.0
      }
    },
    "2": {
      "logsumexp": {
        "auroc": 0.9348172700587084,
        "tpr@osr": {
          "0.05": {
            "tpr": 0.8034285714285714,
            "threshold": 389.8995666503906
          },
          "0.1": {
            "tpr": 0.8545714285714285,
            "threshold": 371.92730712890625
          },
          "0.2": {
            "tpr": 0.8954285714285715,
            "threshold": 345.454345703125
          }
        },
        "tau20": 345.454345703125
      },
      "entropy": {
        "auroc": 0.6465775440313112,
        "tpr@osr": {
          "0.05": {
            "tpr": 0.0,
            "threshold": -Infinity
          },
          "0.1": {
            "tpr": 0.0,
            "threshold": -Infinity
          },
          "0.2": {
            "tpr": 0.0,
            "threshold": -Infinity
          }
        },
        "tau20": -Infinity
      }
    },
    "3": {
      "logsumexp": {
        "auroc": 0.9456135029354207,
        "tpr@osr": {
          "0.05": {
            "tpr": 0.84,
            "threshold": 471.85595703125
          },
          "0.1": {
            "tpr": 0.8837142857142857,
            "threshold": 446.08404541015625
          },
          "0.2": {
            "tpr": 0.9225714285714286,
            "threshold": 410.72540283203125
          }
        },
        "tau20": 410.72540283203125
      },
      "entropy": {
        "auroc": 0.6066418786692759,
        "tpr@osr": {
          "0.05": {
            "tpr": 0.0,
            "threshold": -Infinity
          },
          "0.1": {
            "tpr": 0.0,
            "threshold": -Infinity
          },
          "0.2": {
            "tpr": 0.0,
            "threshold": -Infinity
          }
        },
        "tau20": -Infinity
      }
    },
    "4": {
      "logsumexp": {
        "auroc": 0.9621110567514677,
        "tpr@osr": {
          "0.05": {
            "tpr": 0.8631428571428571,
            "threshold": 513.4428100585938
          },
          "0.1": {
            "tpr": 0.9094285714285715,
            "threshold": 486.61297607421875
          },
          "0.2": {
            "tpr": 0.946,
            "threshold": 441.07952880859375
          }
        },
        "tau20": 441.07952880859375
      },
      "entropy": {
        "auroc": 0.5760387720156556,
        "tpr@osr": {
          "0.05": {
            "tpr": 0.0,
            "threshold": -Infinity
          },
          "0.1": {
            "tpr": 0.0,
            "threshold": -Infinity
          },
          "0.2": {
            "tpr": 0.0,
            "threshold": -Infinity
          }
        },
        "tau20": -Infinity
      }
    },
    "5": {
      "logsumexp": {
        "auroc": 0.932092343444227,
        "tpr@osr": {
          "0.05": {
            "tpr": 0.7228571428571429,
            "threshold": 691.9141235351562
          },
          "0.1": {
            "tpr": 0.8522857142857143,
            "threshold": 657.99267578125
          },
          "0.2": {
            "tpr": 0.916,