{
  "softmax": {
    "auroc": 0.8717536880385579,
    "tpr@osr": {
      "0.05": {
        "tpr": 0.7211597779148674,
        "threshold": 0.6385126113891602
      },
      "0.1": {
        "tpr": 0.7610528480361917,
        "threshold": 0.5696424245834351
      },
      "0.2": {
        "tpr": 0.8044417026526836,
        "threshold": 0.48328450322151184
      }
    },
    "tau20": 0.48328450322151184,
    "closed_map": 0.5195755682615698,
    "open_map": 0.5663731464759292
  },
  "softmax lse entropy": {
    "logsumexp": {
      "auroc": 0.8143626813033276,
      "tpr@osr": {
        "0.05": {
          "tpr": 0.6549455068887517,
          "threshold": 0.703506350517273
        },
        "0.1": {
          "tpr": 0.6915484268969772,
          "threshold": 0.4716688394546509
        },
        "0.2": {
          "tpr": 0.7242442936458976,
          "threshold": 0.18841087818145752
        }
      },
      "tau20": 0.18841087818145752,
      "closed_map": 0.49236854609685593,
      "open_map": 0.5641999862054501
    },
    "entropy": {
      "auroc": 0.9101875991199976,
      "tpr@osr": {
        "0.05": {
          "tpr": 0.796421961752005,
          "threshold": 0.2533756494522095
        },
        "0.1": {
          "tpr": 0.8221262595105902,
          "threshold": 0.3185696005821228
        },
        "0.2": {
          "tpr": 0.8465967509767633,
          "threshold": 0.39612340927124023
        }
      },
      "tau20": 0.39612340927124023,
      "closed_map": 0.5199547891596861,
      "open_map": 0.5692933536908799
    }
  },
  "softmax temperature": {
    "auroc": 0.9161162815386249,
    "tpr@osr": {
      "0.05": {
        "tpr": 0.7428783750309635,
        "threshold": 0.9964589476585388
      },
      "0.1": {
        "tpr": 0.8347783007183552,
        "threshold": 0.9772422313690186
      },
      "0.2": {
        "tpr": 0.8848154570225415,
        "threshold": 0.9202172756195068
      }
    },
    "tau20": 0.9202172756195068,
    "closed_map": 0.5195573598765938,
    "open_map": 0.5665657754827831
  },
  "softmax temperature lse entropy": {
    "logsumexp": {
      "auroc": 0.8705736225627234,
      "tpr@osr": {
        "0.05": {
          "tpr": 0.7478325489224672,
          "threshold": 4.414602756500244
        },
        "0.1": {
          "tpr": 0.8005945008669805,
          "threshold": 2.9158172607421875
        },
        "0.2": {
          "tpr": 0.8370076789695319,
          "threshold": 1.5592511892318726
        }
      },
      "tau20": 1.5592511892318726,
      "closed_map": 0.49131058405949546,
      "open_map": 0.5661608366487225
    },
    "entropy": {
      "auroc": 0.9390509218302134,
      "tpr@osr": {
        "0.05": {
          "tpr": 0.8687143918751549,
          "threshold": 3.6443072986003244e-06
        },
        "0.1": {
          "tpr": 0.8976963091404508,
          "threshold": 3.680684312712401e-05
        },
        "0.2": {
          "tpr": 0.9110725786475106,
          "threshold": 0.00043470339733175933
        }
      },
      "tau20": 0.00043470339733175933,
      "closed_map": 0.5201998828969532,
      "open_map": 0.5704393986924123
    }
  },
  "gmm": {
    "0": {
      "logsumexp": {
        "auroc": 0.8305637832782627,
        "tpr@osr": {
          "0.05": {
            "tpr": 0.5603536911371582,
            "threshold": 384.0673828125
          },
          "0.1": {
            "tpr": 0.6321200904791281,
            "threshold": 368.182861328125
          },
          "0.2": {
            "tpr": 0.7003907053259305,
            "threshold": 349.8526611328125
          }
        },
        "tau20": 349.8526611328125
      },
      "entropy": {
        "auroc": 0.7412643239840113,
        "tpr@osr": {
          "0.05": {
            "tpr": 0.0,
            "threshold": -Infinity
          },
          "0.1": {
            "tpr": 0.0,
            "threshold": -Infinity
          },
          "0.2": {
            "tpr": 0.0,
            "threshold": -Infinity
          }
        },
        "tau20": -Infinity
      }
    },
    "1": {
      "logsumexp": {
        "auroc": 0.841746561257919,
        "tpr@osr": {
          "0.05": {
            "tpr": 0.6152580711494962,
            "threshold": 291.982421875
          },
          "0.1": {
            "tpr": 0.6722187949825211,
            "threshold": 278.25537109375
          },
          "0.2": {
            "tpr": 0.7452190006169032,
            "threshold": 257.78875732421875
          }
        },
        "tau20": 257.78875732421875
      },
      "entropy": {
        "auroc": 0.7700590353775644,
        "tpr@osr": {
          "0.05": {
            "tpr": 0.0,
            "threshold": -Infinity
          },
          "0.1": {
            "tpr": 0.0,
            "threshold": -Infinity
          },
          "0.2": {
            "tpr": 0.914661731441497,
            "threshold": -0.0
          }
        },
        "tau20": -0.0
      }
    },
    "2": {
      "logsumexp": {
        "auroc": 0.8246835730523184,
        "tpr@osr": {
          "0.05": {
            "tpr": 0.6084721365412297,
            "threshold": 390.113037109375
          },
          "0.1": {
            "tpr": 0.6604976352046062,
            "threshold": 372.18841552734375
          },
          "0.2": {
            "tpr": 0.716841455891425,
            "threshold": 346.12408447265625
          }
        },
        "tau20": 346.12408447265625
      },
      "entropy": {
        "auroc": 0.6348665770889494,
        "tpr@osr": {
          "0.05": {
            "tpr": 0.0,
            "threshold": -Infinity
          },
          "0.1": {
            "tpr": 0.0,
            "threshold": -Infinity
          },
          "0.2": {
            "tpr": 0.0,
            "threshold": -Infinity
          }
        },
        "tau20": -Infinity
      }
    },
    "3": {
      "logsumexp": {
        "auroc": 0.8360821086819963,
        "tpr@osr": {
          "0.05": {
            "tpr": 0.6440468846391116,
            "threshold": 469.1610107421875
          },
          "0.1": {
            "tpr": 0.6952498457742134,
            "threshold": 444.9879455566406
          },
          "0.2": {
            "tpr": 0.7511823976968949,
            "threshold": 410.66168212890625
          }
        },
        "tau20": 410.66168212890625
      },
      "entropy": {
        "auroc": 0.6010367282724741,
        "tpr@osr": {
          "0.05": {
            "tpr": 0.0,
            "threshold": -Infinity
          },
          "0.1": {
            "tpr": 0.0,
            "threshold": -Infinity
          },
          "0.2": {
            "tpr": 0.0,
            "threshold": -Infinity
          }
        },
        "tau20": -Infinity
      }
    },
    "4": {
      "logsumexp": {
        "auroc": 0.8491040643776462,
        "tpr@osr": {
          "0.05": {
            "tpr": 0.65679621632737,
            "threshold": 514.9361572265625
          },
          "0.1": {
            "tpr": 0.7106724244293646,
            "threshold": 487.93878173828125
          },
          "0.2": {
            "tpr": 0.7649599012954966,
            "threshold": 443.3688659667969
          }
        },
        "tau20": 443.3688659667969
      },
      "entropy": {
        "auroc": 0.5671173545559283,
        "tpr@osr": {
          "0.05": {
            "tpr": 0.0,
            "threshold": -Infinity
          },
          "0.1": {
            "tpr": 0.0,
            "threshold": -Infinity
          },
          "0.2": {
            "tpr": 0.0,
            "threshold": -Infinity
          }
        },
        "tau20": -Infinity
      }
    },
    "5": {
      "logsumexp": {
        "auroc": 0.8458875940495607,
        "tpr@osr": {
          "0.05": {
            "tpr": 0.5607649599012955,
            "threshold": 690.4283447265625
          },
          "0.1": {
            "tpr": 0.6736582356570019,
            "threshold": 656.1127319335938
          },
          "0.2": {
            "tpr": 0.7598190417437796,