{
  "gmm per class": {
    "2": {
      "auroc": 0.6640861600831209,
      "tpr@osr": {
        "0.05": {
          "tpr": 0.28766169731422936,
          "threshold": 0.0009275131742469966
        },
        "0.1": {
          "tpr": 0.36527640814432394,
          "threshold": 0.010598782449960709
        },
        "0.2": {
          "tpr": 0.47351934566970244,
          "threshold": 0.09879578649997711
        }
      },
      "tau20": 0.09879578649997711
    },
    "3": {
      "auroc": 0.6838325406868615,
      "tpr@osr": {
        "0.05": {
          "tpr": 0.3059342189222113,
          "threshold": 0.0004994870396330953
        },
        "0.1": {
          "tpr": 0.38540518591565637,
          "threshold": 0.0076933084055781364
        },
        "0.2": {
          "tpr": 0.4862230987876327,
          "threshold": 0.06622867286205292
        }
      },
      "tau20": 0.06622867286205292
    },
    "4": {
      "auroc": 0.6843095904339357,
      "tpr@osr": {
        "0.05": {
          "tpr": 0.2819769128139683,
          "threshold": 0.00013933100854046643
        },
        "0.1": {
          "tpr": 0.349556238760949,
          "threshold": 0.0017355229938402772
        },
        "0.2": {
          "tpr": 0.46069957654156274,
          "threshold": 0.018400371074676514
        }
      },
      "tau20": 0.018400371074676514
    }
  }
}