{
  "baseline_closed_map": 0.5195755682615698,
  "softmax": {
    "auroc": 0.1268931386049275,
    "tpr@osr": {
      "0.05": {
        "tpr": 0.016851688739707403,
        "threshold": 0.0903576985001564
      },
      "0.1": {
        "tpr": 0.024051546964394824,
        "threshold": 0.05716169252991676
      },
      "0.2": {
        "tpr": 0.03951986838172474,
        "threshold": 0.0336773656308651
      }
    },
    "tau20": 0.0336773656308651,
    "closed_map": 0.5195755682615698,
    "open_map": 0.5663731464759292
  },
  "softmax lse entropy": {
    "logsumexp": {
      "auroc": 0.12080807076404976,
      "tpr@osr": {
        "0.05": {
          "tpr": 0.016827883183490582,
          "threshold": -2.2749524116516113
        },
        "0.1": {
          "tpr": 0.02292475063679863,
          "threshold": -2.718357801437378
        },
        "0.2": {
          "tpr": 0.035327445425762376,
          "threshold": -3.2118515968322754
        }
      },
      "tau20": -3.2118515968322754,
      "closed_map": 0.5190512894958814,
      "open_map": 0.5661975987935493
    },
    "entropy": {
      "auroc": 0.41878251455918636,
      "tpr@osr": {
        "0.05": {
          "tpr": 0.025577747624073235,
          "threshold": 0.3918874263763428
        },
        "0.1": {
          "tpr": 0.05106027302327919,
          "threshold": 0.44905248284339905
        },
        "0.2": {
          "tpr": 0.12088725953081894,
          "threshold": 0.5067408680915833
        }
      },
      "tau20": 0.5067408680915833,
      "closed_map": 0.5200147485693561,
      "open_map": 0.5667830528471236
    }
  },
  "softmax temperature": {
    "auroc": 0.12689313886836376,
    "tpr@osr": {
      "0.05": {
        "tpr": 0.016851688739707403,
        "threshold": 7.101476057869149e-06
      },
      "0.1": {
        "tpr": 0.024051546964394824,
        "threshold": 5.630437840409286e-07
      },
      "0.2": {
        "tpr": 0.03951986838172474,
        "threshold": 3.281913762975819e-08
      }
    },
    "tau20": 3.281913762975819e-08,
    "closed_map": 0.5195755682615698,
    "open_map": 0.5663731464759292
  },
  "softmax temperature lse entropy": {
    "logsumexp": {
      "auroc": 0.12725560593613655,
      "tpr@osr": {
        "0.05": {
          "tpr": 0.016851688739707403,
          "threshold": -13.020009994506836
        },
        "0.1": {
          "tpr": 0.022805722855714524,
          "threshold": -15.287298202514648
        },
        "0.2": {
          "tpr": 0.03585910284793804,
          "threshold": -17.990657806396484
        }
      },
      "tau20": -17.990657806396484,
      "closed_map": 0.5195755682615698,
      "open_map": 0.5663731464759292
    },
    "entropy": {
      "auroc": 0.41878251636271124,
      "tpr@osr": {
        "0.05": {
          "tpr": 0.025577747624073235,
          "threshold": 0.0006998367025516927
        },
        "0.1": {
          "tpr": 0.05106027302327919,
          "threshold": 0.002316715894266963
        },
        "0.2": {
          "tpr": 0.12088725953081894,
          "threshold": 0.0074831414967775345
        }
      },
      "tau20": 0.0074831414967775345,
      "closed_map": "error: need at least one array to concatenate",
      "open_map": "error: need at least one array to concatenate"
    }
  },
  "gmm": {
    "0": {
      "logsumexp": {
        "auroc": 0.4061998977941052,
        "tpr@osr": {
          "0.05": {
            "tpr": 0.05344347370676316,
            "threshold": 261.3756103515625
          },
          "0.1": {
            "tpr": 0.0943281939782523,
            "threshold": 222.20126342773438
          },
          "0.2": {
            "tpr": 0.16580040892655457,
            "threshold": 171.46197509765625
          }
        },
        "tau20": 171.46197509765625
      },
      "entropy": {
        "auroc": 0.5167511208264575,
        "tpr@osr": {
          "0.05": {
            "tpr": 0.0,
            "threshold": -Infinity
          },
          "0.1": {
            "tpr": 0.18748991570188037,
            "threshold": -0.0
          },
          "0.2": {
            "tpr": 0.22569518836807623,
            "threshold": 5.914593551729866e-39
          }
        },
        "tau20": 5.914593551729866e-39,
        "closed_map": 0.5145858018812581,
        "open_map": 0.5652025472001143
      }
    },
    "1": {
      "logsumexp": {
        "auroc": 0.38630799672647437,
        "tpr@osr": {
          "0.05": {
            "tpr": 0.04478089630564218,
            "threshold": 247.39996337890625
          },
          "0.1": {
            "tpr": 0.07926721207841021,
            "threshold": 223.34393310546875
          },
          "0.2": {
            "tpr": 0.14530117996206982,
            "threshold": 193.06146240234375
          }
        },
        "tau20": 193.06146240234375
      },
      "entropy": {
        "auroc": 0.5468169311280708,
        "tpr@osr": {
          "0.05": {
            "tpr": 0.06403165609964477,
            "threshold": 2.468545591634634e-39
          },
          "0.1": {
            "tpr": 0.12222830586436652,
            "threshold": 1.979550241451407e-28
          },
          "0.2": {
            "tpr": 0.2817863689385102,
            "threshold": 9.305470890698287e-22
          }
        },
        "tau20": 9.305470890698287e-22,
        "closed_map": 0.5200774933024369,
        "open_map": 0.5667903795778739
      }
    },
    "2": {
      "logsumexp": {
        "auroc": 0.37557517830221215,
        "tpr@osr": {
          "0.05": {
            "tpr": 0.03059542986221873,
            "threshold": 282.3950500488281
          },
          "0.1": {
            "tpr": 0.051179300804363295,
            "threshold": 238.95181274414062
          },
          "0.2": {
            "tpr": 0.10496398748356756,
            "threshold": 176.6170654296875
          }
        },
        "tau20": 176.6170654296875
      },
      "entropy": {
        "auroc": 0.6082108755599278,
        "tpr@osr": {
          "0.05": {
            "tpr": 0.0,
            "threshold": -Infinity
          },
          "0.1": {
            "tpr": 0.0,
            "threshold": -Infinity
          },
          "0.2": {
            "tpr": 0.0,
            "threshold": -Infinity
          }
        },
        "tau20": -Infinity,
        "closed_map": "error: need at least one array to concatenate",
        "open_map": "error: need at least one array to concatenate"
      }
    },
    "3": {
      "logsumexp": {
        "auroc": 0.2063573869963796,
        "tpr@osr": {
          "0.05": {
            "tpr": 0.018557753601912908,
            "threshold": 374.17816162109375
          },
          "0.1": {
            "tpr": 0.028648664376043145,
            "threshold": 325.3792419433594
          },
          "0.2": {
            "tpr": 0.047730140214726116,
            "threshold": 268.1876220703125
          }
        },
        "tau20": 268.1876220703125
      },
      "entropy": {
        "auroc": 0.6385187951600572,
        "tpr@osr": {
          "0.05": {
            "tpr": 0.0,
            "threshold": -Infinity
          },
          "0.1": {
            "tpr": 0.0,
            "threshold": -Infinity
          },
          "0.2": {
            "tpr": 0.0,
            "threshold": -Infinity
          }
        },
        "tau20": -Infinity,
        "closed_map": "error: need at least one array to concatenate",
        "open_map": "error: need at least one array to concatenate"
      }
    },
    "4": {
      "logsumexp": {
        "auroc": 0.22831570597908543,
        "tpr@osr": {
          "0.05": {
            "tpr": 0.027040466800506795,
            "threshold": 305.435546875
          },
          "0.1": {
            "tpr": 0.03907285293720888,
            "threshold": 215.56890869140625
          },
          "0.2": {
            "tpr": 0.0612384708368711,
            "threshold": 95.75946044921875
          }
        },
        "tau20": 95.75946044921875
      },