{
  "softmax": {
    "auroc": 0.7475955396024025,
    "tpr@osr": {
      "0.05": {
        "tpr": 0.3547486033519553,
        "threshold": 0.7355334758758545
      },
      "0.1": {
        "tpr": 0.4605334294467472,
        "threshold": 0.5324585437774658
      },
      "0.2": {
        "tpr": 0.5720850603712381,
        "threshold": 0.40346115827560425
      }
    },
    "tau20": 0.40346115827560425
  },
  "softmax lse entropy": {
    "logsumexp": {
      "auroc": 0.6043917083352386,
      "tpr@osr": {
        "0.05": {
          "tpr": 0.3415029735087403,
          "threshold": 1.2167704105377197
        },
        "0.1": {
          "tpr": 0.40088304198954766,
          "threshold": 0.8352537155151367
        },
        "0.2": {
          "tpr": 0.4673815101820148,
          "threshold": 0.4457106590270996
        }
      },
      "tau20": 0.4457106590270996
    },
    "entropy": {
      "auroc": 0.7135091956483064,
      "tpr@osr": {
        "0.05": {
          "tpr": 0.3502432870787529,
          "threshold": 1.4953941106796265
        },
        "0.1": {
          "tpr": 0.460173004144891,
          "threshold": 2.3326172828674316
        },
        "0.2": {
          "tpr": 0.5556857091367814,
          "threshold": 2.73630952835083
        }
      },
      "tau20": 2.73630952835083
    }
  },
  "softmax temperature": {
    "auroc": 0.7989096019900618,
    "tpr@osr": {
      "0.05": {
        "tpr": 0.401243174160567,
        "threshold": 0.9928406476974487
      },
      "0.1": {
        "tpr": 0.5092366678285116,
        "threshold": 0.9720203876495361
      },
      "0.2": {
        "tpr": 0.6459277332403858,
        "threshold": 0.8936172127723694
      }
    },
    "tau20": 0.8936172127723694
  },
  "softmax temperature lse entropy": {
    "logsumexp": {
      "auroc": 0.6618731295703515,
      "tpr@osr": {
        "0.05": {
          "tpr": 0.3367607761124666,
          "threshold": -2.1892082691192627
        },
        "0.1": {
          "tpr": 0.40106889740908563,
          "threshold": -3.8707222938537598
        },
        "0.2": {
          "tpr": 0.48048100383408854,
          "threshold": -5.32972526550293
        }
      },
      "tau20": -5.32972526550293
    },
    "entropy": {
      "auroc": 0.7933771270205989,
      "tpr@osr": {
        "0.05": {
          "tpr": 0.3988613918903218,
          "threshold": 0.054464999586343765
        },
        "0.1": {
          "tpr": 0.5132450331125827,
          "threshold": 0.1847490668296814
        },
        "0.2": {
          "tpr": 0.6485999767630998,
          "threshold": 0.5230365991592407
        }
      },
      "tau20": 0.5230365991592407
    }
  },
  "gmm": {
    "0": {
      "logsumexp": {
        "auroc": 0.6028863419175778,
        "tpr@osr": {
          "0.05": {
            "tpr": 0.19994593620472156,
            "threshold": 186.63369750976562
          },
          "0.1": {
            "tpr": 0.2942872589655794,
            "threshold": 171.2235107421875
          },
          "0.2": {
            "tpr": 0.40827176067759957,
            "threshold": 151.32003784179688
          }
        },
        "tau20": 151.32003784179688
      },
      "entropy": {
        "auroc": 0.6286659729696393,
        "tpr@osr": {
          "0.05": {
            "tpr": 0.0,
            "threshold": -Infinity
          },
          "0.1": {
            "tpr": 0.0,
            "threshold": -Infinity
          },
          "0.2": {
            "tpr": 0.5784826094791854,
            "threshold": -0.0
          }
        },
        "tau20": -0.0
      }
    },
    "1": {
      "logsumexp": {
        "auroc": 0.6159238770619266,
        "tpr@osr": {
          "0.05": {
            "tpr": 0.1918363669129573,
            "threshold": 103.26397705078125
          },
          "0.1": {
            "tpr": 0.29572896017300415,
            "threshold": 86.65255737304688
          },
          "0.2": {
            "tpr": 0.40728059109749504,
            "threshold": 68.97454833984375
          }
        },
        "tau20": 68.97454833984375
      },
      "entropy": {
        "auroc": 0.6451097769781988,
        "tpr@osr": {
          "0.05": {
            "tpr": 0.0,
            "threshold": -Infinity
          },
          "0.1": {
            "tpr": 0.0,
            "threshold": -Infinity
          },
          "0.2": {
            "tpr": 0.6199315191926473,
            "threshold": -0.0
          }
        },
        "tau20": -0.0
      }
    },
    "2": {
      "logsumexp": {
        "auroc": 0.6000118732855302,
        "tpr@osr": {
          "0.05": {
            "tpr": 0.1903045593800685,
            "threshold": 98.30508422851562
          },
          "0.1": {
            "tpr": 0.27914939628761937,
            "threshold": 83.05462646484375
          },
          "0.2": {
            "tpr": 0.4025049558479005,
            "threshold": 62.499908447265625
          }
        },
        "tau20": 62.499908447265625
      },
      "entropy": {
        "auroc": 0.6243552306433745,
        "tpr@osr": {
          "0.05": {
            "tpr": 0.0,
            "threshold": -Infinity
          },
          "0.1": {
            "tpr": 0.0,
            "threshold": -Infinity
          },
          "0.2": {
            "tpr": 0.0,
            "threshold": -Infinity
          }
        },
        "tau20": -Infinity
      }
    },
    "3": {
      "logsumexp": {
        "auroc": 0.6132173251216819,
        "tpr@osr": {
          "0.05": {
            "tpr": 0.19345828077131014,
            "threshold": 142.49774169921875
          },
          "0.1": {
            "tpr": 0.3062714002522977,
            "threshold": 122.12841796875
          },
          "0.2": {
            "tpr": 0.4181834564786448,
            "threshold": 101.17144775390625
          }
        },
        "tau20": 101.17144775390625
      },
      "entropy": {
        "auroc": 0.6065771469609191,
        "tpr@osr": {
          "0.05": {
            "tpr": 0.0,
            "threshold": -Infinity
          },
          "0.1": {
            "tpr": 0.0,
            "threshold": -Infinity
          },
          "0.2": {
            "tpr": 0.0,
            "threshold": -Infinity
          }
        },
        "tau20": -Infinity
      }
    },
    "4": {
      "logsumexp": {
        "auroc": 0.6281494946552924,
        "tpr@osr": {
          "0.05": {
            "tpr": 0.15273022166156064,
            "threshold": 252.73068237304688
          },
          "0.1": {
            "tpr": 0.2522076049738692,
            "threshold": 230.88455200195312
          },
          "0.2": {
            "tpr": 0.4044872950081096,
            "threshold": 201.00335693359375
          }
        },
        "tau20": 201.00335693359375
      },
      "entropy": {
        "auroc": 0.575164597743461,
        "tpr@osr": {
          "0.05": {
            "tpr": 0.0,
            "threshold": -Infinity
          },
          "0.1": {
            "tpr": 0.0,
            "threshold": -Infinity
          },
          "0.2": {
            "tpr": 0.0,
            "threshold": -Infinity
          }
        },
        "tau20": -Infinity
      }
    },
    "5": {
      "logsumexp": {
        "auroc": 0.6677231505244419,
        "tpr@osr": {
          "0.05": {
            "tpr": 0.22959091728239323,
            "threshold": 386.85040283203125
          },
          "0.1": {
            "tpr": 0.3149216074968463,
            "threshold": 367.32421875
          },
          "0.2": {
            "tpr": 0.43764642277887905,
            "threshold": 333.57806396484375
          }
        },
        "tau20": 333.57806396484375
      },
      "entropy": {
        "auroc": 0.5714448539681941,
        "tpr@osr": {
          "0.05": {
            "tpr": 0.0,
            "threshold": -Infinity
          },
          "0.1": {
            "tpr": 0.0,
            "threshold": -Infinity
          },
          "0.2": {
            "tpr": 0.0,