{
  "softmax": {
    "auroc": 0.7818774709905079,
    "tpr@osr": {
      "0.05": {
        "tpr": 0.38929172225767156,
        "threshold": 0.3767237067222595
      },
      "0.1": {
        "tpr": 0.4992748999361912,
        "threshold": 0.2802765667438507
      },
      "0.2": {
        "tpr": 0.6297349034166715,
        "threshold": 0.20607294142246246
      }
    },
    "tau20": 0.20607294142246246
  },
  "softmax lse entropy": {
    "logsumexp": {
      "auroc": 0.5897171213287772,
      "tpr@osr": {
        "0.05": {
          "tpr": 0.29497070595742214,
          "threshold": 0.5162407159805298
        },
        "0.1": {
          "tpr": 0.3359243575613435,
          "threshold": 0.21648430824279785
        },
        "0.2": {
          "tpr": 0.3981669470386913,
          "threshold": -0.09254312515258789
        }
      },
      "tau20": -0.09254312515258789
    },
    "entropy": {
      "auroc": 0.7274302948953029,
      "tpr@osr": {
        "0.05": {
          "tpr": 0.3730494808283543,
          "threshold": 2.805647373199463
        },
        "0.1": {
          "tpr": 0.469284761297059,
          "threshold": 3.079427719116211
        },
        "0.2": {
          "tpr": 0.5710888102558153,
          "threshold": 3.265165328979492
        }
      },
      "tau20": 3.265165328979492
    }
  },
  "softmax temperature": {
    "auroc": 0.8027113499783743,
    "tpr@osr": {
      "0.05": {
        "tpr": 0.40388282197954584,
        "threshold": 0.9922429919242859
      },
      "0.1": {
        "tpr": 0.5155717339804703,
        "threshold": 0.9691781401634216
      },
      "0.2": {
        "tpr": 0.6515282833535564,
        "threshold": 0.8851885795593262
      }
    },
    "tau20": 0.8851885795593262
  },
  "softmax temperature lse entropy": {
    "logsumexp": {
      "auroc": 0.6689339013798117,
      "tpr@osr": {
        "0.05": {
          "tpr": 0.33784018027387763,
          "threshold": -2.286423921585083
        },
        "0.1": {
          "tpr": 0.40266944011093775,
          "threshold": -3.9397037029266357
        },
        "0.2": {
          "tpr": 0.48344600450684694,
          "threshold": -5.419258117675781
        }
      },
      "tau20": -5.419258117675781
    },
    "entropy": {
      "auroc": 0.797200036727032,
      "tpr@osr": {
        "0.05": {
          "tpr": 0.4045761830473219,
          "threshold": 0.060997121036052704
        },
        "0.1": {
          "tpr": 0.5166695556711157,
          "threshold": 0.19644761085510254
        },
        "0.2": {
          "tpr": 0.6548217484254926,
          "threshold": 0.5585492253303528
        }
      },
      "tau20": 0.5585492253303528
    }
  },
  "gmm": {
    "0": {
      "logsumexp": {
        "auroc": 0.6051992449028671,
        "tpr@osr": {
          "0.05": {
            "tpr": 0.24606995765415626,
            "threshold": 159.53054809570312
          },
          "0.1": {
            "tpr": 0.31312721155519463,
            "threshold": 143.17715454101562
          },
          "0.2": {
            "tpr": 0.4038517315389524,
            "threshold": 121.50656127929688
          }
        },
        "tau20": 121.50656127929688
      },
      "entropy": {
        "auroc": 0.6376484132370798,
        "tpr@osr": {
          "0.05": {
            "tpr": 0.0,
            "threshold": -Infinity
          },
          "0.1": {
            "tpr": 0.43743836649457624,
            "threshold": -0.0
          },
          "0.2": {
            "tpr": 0.44770578339810896,
            "threshold": 5.1679887364299254e-42
          }
        },
        "tau20": 5.1679887364299254e-42
      }
    },
    "1": {
      "logsumexp": {
        "auroc": 0.6181411163648165,
        "tpr@osr": {
          "0.05": {
            "tpr": 0.24166134926619873,
            "threshold": 77.21664428710938
          },
          "0.1": {
            "tpr": 0.31486745170833574,
            "threshold": 61.52618408203125
          },
          "0.2": {
            "tpr": 0.4198039329427461,
            "threshold": 39.240081787109375
          }
        },
        "tau20": 39.240081787109375
      },
      "entropy": {
        "auroc": 0.658571103455678,
        "tpr@osr": {
          "0.05": {
            "tpr": 0.0,
            "threshold": -Infinity
          },
          "0.1": {
            "tpr": 0.44886594350020304,
            "threshold": -0.0
          },
          "0.2": {
            "tpr": 0.48332269853239745,
            "threshold": 5.578493516360023e-39
          }
        },
        "tau20": 5.578493516360023e-39
      }
    },
    "2": {
      "logsumexp": {
        "auroc": 0.5999117957850766,
        "tpr@osr": {
          "0.05": {
            "tpr": 0.2526828702360926,
            "threshold": 65.62692260742188
          },
          "0.1": {
            "tpr": 0.32664307674459075,
            "threshold": 46.030853271484375
          },
          "0.2": {
            "tpr": 0.4184117408202332,
            "threshold": 20.917938232421875
          }
        },
        "tau20": 20.917938232421875
      },
      "entropy": {
        "auroc": 0.6502876368179005,
        "tpr@osr": {
          "0.05": {
            "tpr": 0.0,
            "threshold": -Infinity
          },
          "0.1": {
            "tpr": 0.0,
            "threshold": -Infinity
          },
          "0.2": {
            "tpr": 0.5049016764313475,
            "threshold": -0.0
          }
        },
        "tau20": -0.0
      }
    },
    "3": {
      "logsumexp": {
        "auroc": 0.6076189772572155,
        "tpr@osr": {
          "0.05": {
            "tpr": 0.2682870236092581,
            "threshold": 102.94631958007812
          },
          "0.1": {
            "tpr": 0.3482800626486455,
            "threshold": 78.22613525390625
          },
          "0.2": {
            "tpr": 0.4448053831428737,
            "threshold": 46.8511962890625
          }
        },
        "tau20": 46.8511962890625
      },
      "entropy": {
        "auroc": 0.6730637675333514,
        "tpr@osr": {
          "0.05": {
            "tpr": 0.0,
            "threshold": -Infinity
          },
          "0.1": {
            "tpr": 0.0,
            "threshold": -Infinity
          },
          "0.2": {
            "tpr": 0.5995707407622252,
            "threshold": -0.0
          }
        },
        "tau20": -0.0
      }
    },
    "4": {
      "logsumexp": {
        "auroc": 0.6420836451694969,
        "tpr@osr": {
          "0.05": {
            "tpr": 0.24804222982771623,
            "threshold": 206.32623291015625
          },
          "0.1": {
            "tpr": 0.3494402227507396,
            "threshold": 176.52471923828125
          },
          "0.2": {
            "tpr": 0.4707929694297813,
            "threshold": 135.74310302734375
          }
        },
        "tau20": 135.74310302734375
      },
      "entropy": {
        "auroc": 0.6442382333972956,
        "tpr@osr": {
          "0.05": {
            "tpr": 0.0,
            "threshold": -Infinity
          },
          "0.1": {
            "tpr": 0.0,
            "threshold": -Infinity
          },
          "0.2": {
            "tpr": 0.677707523638262,
            "threshold": -0.0
          }
        },
        "tau20": -0.0
      }
    },
    "5": {
      "logsumexp": {
        "auroc": 0.7012614014463676,
        "tpr@osr": {
          "0.05": {
            "tpr": 0.28771970531933405,
            "threshold": 335.22247314453125
          },
          "0.1": {
            "tpr": 0.383316897731887,
            "threshold": 299.4267883300781
          },
          "0.2": {
            "tpr": 0.5116886130285979,
            "threshold": 250.41046142578125
          }
        },
        "tau20": 250.41046142578125
      },
      "entropy": {
        "auroc": 0.6531228415352852,
        "tpr@osr": {
          "0.05": {
            "tpr": 0.0,
            "threshold": -Infinity
          },
          "0.1": {
            "tpr": 0.0,