{
  "softmax": {
    "auroc": 0.8532455247525891,
    "tpr@osr": {
      "0.05": {
        "tpr": 0.6514913657770801,
        "threshold": 0.7329721450805664
      },
      "0.1": {
        "tpr": 0.7080062794348508,
        "threshold": 0.5752063393592834
      },
      "0.2": {
        "tpr": 0.7731554160125589,
        "threshold": 0.41026878356933594
      }
    },
    "tau20": 0.41026878356933594
  },
  "softmax lse entropy": {
    "logsumexp": {
      "auroc": 0.8067047732047431,
      "tpr@osr": {
        "0.05": {
          "tpr": 0.6012558869701727,
          "threshold": 1.378770112991333
        },
        "0.1": {
          "tpr": 0.6326530612244898,
          "threshold": 0.9972875118255615
        },
        "0.2": {
          "tpr": 0.6899529042386185,
          "threshold": 0.5637845396995544
        }
      },
      "tau20": 0.5637845396995544
    },
    "entropy": {
      "auroc": 0.8480719738175905,
      "tpr@osr": {
        "0.05": {
          "tpr": 0.6452119309262166,
          "threshold": 2.0945730209350586
        },
        "0.1": {
          "tpr": 0.6962323390894819,
          "threshold": 2.6818041801452637
        },
        "0.2": {
          "tpr": 0.7543171114599686,
          "threshold": 3.0418829917907715
        }
      },
      "tau20": 3.0418829917907715
    }
  },
  "softmax temperature": {
    "auroc": 0.8712409086240863,
    "tpr@osr": {
      "0.05": {
        "tpr": 0.5114885114885115,
        "threshold": 0.9995573163032532
      },
      "0.1": {
        "tpr": 0.7022977022977023,
        "threshold": 0.9974984526634216
      },
      "0.2": {
        "tpr": 0.8211788211788211,
        "threshold": 0.9724048376083374
      }
    },
    "tau20": 0.9724048376083374
  },
  "softmax temperature lse entropy": {
    "logsumexp": {
      "auroc": 0.8604949737762237,
      "tpr@osr": {
        "0.05": {
          "tpr": 0.6673326673326674,
          "threshold": 5.736140251159668
        },
        "0.1": {
          "tpr": 0.7412587412587412,
          "threshold": 3.870588779449463
        },
        "0.2": {
          "tpr": 0.7952047952047953,
          "threshold": 1.8649412393569946
        }
      },
      "tau20": 1.8649412393569946
    },
    "entropy": {
      "auroc": 0.8901176948051949,
      "tpr@osr": {
        "0.05": {
          "tpr": 0.7112887112887113,
          "threshold": 9.684934775577858e-05
        },
        "0.1": {
          "tpr": 0.7882117882117882,
          "threshold": 0.0012713199248537421
        },
        "0.2": {
          "tpr": 0.8291708291708292,
          "threshold": 0.010981384664773941
        }
      },
      "tau20": 0.010981384664773941
    }
  },
  "gmm": {
    "0": {
      "logsumexp": {
        "auroc": 0.6976810319884369,
        "tpr@osr": {
          "0.05": {
            "tpr": 0.2370486656200942,
            "threshold": 167.93826293945312
          },
          "0.1": {
            "tpr": 0.36106750392464676,
            "threshold": 152.57882690429688
          },
          "0.2": {
            "tpr": 0.49529042386185246,
            "threshold": 133.82919311523438
          }
        },
        "tau20": 133.82919311523438
      },
      "entropy": {
        "auroc": 0.8137229553599983,
        "tpr@osr": {
          "0.05": {
            "tpr": 0.6263736263736264,
            "threshold": -0.0
          },
          "0.1": {
            "tpr": 0.6381475667189953,
            "threshold": 2.8096034209712582e-42
          },
          "0.2": {
            "tpr": 0.7378335949764521,
            "threshold": 1.5994426409478173e-27
          }
        },
        "tau20": 1.5994426409478173e-27
      }
    },
    "1": {
      "logsumexp": {
        "auroc": 0.7044732696959003,
        "tpr@osr": {
          "0.05": {
            "tpr": 0.22213500784929358,
            "threshold": 75.1837158203125
          },
          "0.1": {
            "tpr": 0.3453689167974882,
            "threshold": 60.496124267578125
          },
          "0.2": {
            "tpr": 0.4858712715855573,
            "threshold": 41.691070556640625
          }
        },
        "tau20": 41.691070556640625
      },
      "entropy": {
        "auroc": 0.8155220690618654,
        "tpr@osr": {
          "0.05": {
            "tpr": 0.6695447409733124,
            "threshold": -0.0
          },
          "0.1": {
            "tpr": 0.6766091051805337,
            "threshold": 2.324333762775574e-41
          },
          "0.2": {
            "tpr": 0.7409733124018838,
            "threshold": 1.0515162458451292e-27
          }
        },
        "tau20": 1.0515162458451292e-27
      }
    },
    "2": {
      "logsumexp": {
        "auroc": 0.7460647594858596,
        "tpr@osr": {
          "0.05": {
            "tpr": 0.30847723704866564,
            "threshold": 50.92279052734375
          },
          "0.1": {
            "tpr": 0.4175824175824176,
            "threshold": 36.910186767578125
          },
          "0.2": {
            "tpr": 0.5824175824175825,
            "threshold": 15.469879150390625
          }
        },
        "tau20": 15.469879150390625
      },
      "entropy": {
        "auroc": 0.8071814911605235,
        "tpr@osr": {
          "0.05": {
            "tpr": 0.6569858712715856,
            "threshold": -0.0
          },
          "0.1": {
            "tpr": 0.6640502354788069,
            "threshold": 1.2045561599336128e-41
          },
          "0.2": {
            "tpr": 0.7244897959183674,
            "threshold": 1.618293835836474e-27
          }
        },
        "tau20": 1.618293835836474e-27
      }
    },
    "3": {
      "logsumexp": {
        "auroc": 0.7919496903650667,
        "tpr@osr": {
          "0.05": {
            "tpr": 0.46703296703296704,
            "threshold": 69.98248291015625
          },
          "0.1": {
            "tpr": 0.543171114599686,
            "threshold": 54.970703125
          },
          "0.2": {
            "tpr": 0.6593406593406593,
            "threshold": 29.046661376953125
          }
        },
        "tau20": 29.046661376953125
      },
      "entropy": {
        "auroc": 0.7983449941635157,
        "tpr@osr": {
          "0.05": {
            "tpr": 0.0,
            "threshold": -Infinity
          },
          "0.1": {
            "tpr": 0.6750392464678179,
            "threshold": -0.0
          },
          "0.2": {
            "tpr": 0.7205651491365777,
            "threshold": 1.9261695101359334e-31
          }
        },
        "tau20": 1.9261695101359334e-31
      }
    },
    "4": {
      "logsumexp": {
        "auroc": 0.8148801550922418,
        "tpr@osr": {
          "0.05": {
            "tpr": 0.5753532182103611,
            "threshold": 163.17352294921875
          },
          "0.1": {
            "tpr": 0.6389324960753532,
            "threshold": 143.12164306640625
          },
          "0.2": {
            "tpr": 0.7119309262166404,
            "threshold": 114.29658508300781
          }
        },
        "tau20": 114.29658508300781
      },
      "entropy": {
        "auroc": 0.7825899623061761,
        "tpr@osr": {
          "0.05": {
            "tpr": 0.0,
            "threshold": -Infinity
          },
          "0.1": {
            "tpr": 0.7276295133437991,
            "threshold": -0.0
          },
          "0.2": {
            "tpr": 0.7378335949764521,
            "threshold": 3.5873240686715317e-41
          }
        },
        "tau20": 3.5873240686715317e-41
      }
    },
    "5": {
      "logsumexp": {
        "auroc": 0.8137654958164688,
        "tpr@osr": {
          "0.05": {
            "tpr": 0.4976452119309262,
            "threshold": 335.82861328125
          },
          "0.1": {
            "tpr": 0.6287284144427001,
            "threshold": 304.3840026855469
          },
          "0.2": {
            "tpr": 0.728414442700157,
            "threshold": 264.7574157714844
          }
        },
        "tau20": 264.7574157714844
      },