{
  "baseline_closed_map": 0.5419115276497216,
  "softmax": {
    "auroc": 0.6665321476292463,
    "tpr@osr": {
      "0.05": {
        "tpr": 0.6372363865281713,
        "threshold": 0.1116204708814621
      },
      "0.1": {
        "tpr": 0.6429021089077747,
        "threshold": 0.07389728724956512
      },
      "0.2": {
        "tpr": 0.6463644948064211,
        "threshold": 0.04513620585203171
      }
    },
    "tau20": 0.04513620585203171,
    "closed_map": 0.5419115276497216,
    "open_map": 0.5267626084136243
  },
  "softmax lse entropy": {
    "logsumexp": {
      "auroc": 0.6664186328714552,
      "tpr@osr": {
        "0.05": {
          "tpr": 0.6416430594900849,
          "threshold": -1.9269957542419434
        },
        "0.1": {
          "tpr": 0.6435316336166195,
          "threshold": -2.3917500972747803
        },
        "0.2": {
          "tpr": 0.646994019515266,
          "threshold": -2.935810089111328
        }
      },
      "tau20": -2.935810089111328,
      "closed_map": 0.5411993405750382,
      "open_map": 0.5266265838923202
    },
    "entropy": {
      "auroc": 0.762023153492111,
      "tpr@osr": {
        "0.05": {
          "tpr": 0.6510859301227573,
          "threshold": 0.3775424063205719
        },
        "0.1": {
          "tpr": 0.6619452313503305,
          "threshold": 0.4384812116622925
        },
        "0.2": {
          "tpr": 0.6784702549575071,
          "threshold": 0.5067654252052307
        }
      },
      "tau20": 0.5067654252052307,
      "closed_map": 0.5417472649388034,
      "open_map": 0.5269633645506236
    }
  },
  "softmax temperature": {
    "auroc": 0.6665321227249545,
    "tpr@osr": {
      "0.05": {
        "tpr": 0.6372363865281713,
        "threshold": 3.573652065824717e-05
      },
      "0.1": {
        "tpr": 0.6429021089077747,
        "threshold": 3.8002308428986e-06
      },
      "0.2": {
        "tpr": 0.6463644948064211,
        "threshold": 2.8666315188274893e-07
      }
    },
    "tau20": 2.8666315188274893e-07,
    "closed_map": 0.541885249272958,
    "open_map": 0.5267707823465461
  },
  "softmax temperature lse entropy": {
    "logsumexp": {
      "auroc": 0.6685735992408789,
      "tpr@osr": {
        "0.05": {
          "tpr": 0.6413282971356625,
          "threshold": -10.7783842086792
        },
        "0.1": {
          "tpr": 0.6432168712621971,
          "threshold": -13.048240661621094
        },
        "0.2": {
          "tpr": 0.6471514006924772,
          "threshold": -15.904417037963867
        }
      },
      "tau20": -15.904417037963867,
      "closed_map": 0.5409789868706257,
      "open_map": 0.5266287238133626
    },
    "entropy": {
      "auroc": 0.7620231624576561,
      "tpr@osr": {
        "0.05": {
          "tpr": 0.6510859301227573,
          "threshold": 0.0007259220583364367
        },
        "0.1": {
          "tpr": 0.6619452313503305,
          "threshold": 0.002499711699783802
        },
        "0.2": {
          "tpr": 0.6784702549575071,
          "threshold": 0.009471363388001919
        }
      },
      "tau20": 0.009471363388001919,
      "closed_map": 0.5417207150923061,
      "open_map": 0.5269715155443722
    }
  },
  "gmm": {
    "0": {
      "logsumexp": {
        "auroc": 0.8136768540481115,
        "tpr@osr": {
          "0.05": {
            "tpr": 0.6386528171230721,
            "threshold": 135.48236083984375
          },
          "0.1": {
            "tpr": 0.6666666666666666,
            "threshold": 72.825439453125
          },
          "0.2": {
            "tpr": 0.720491029272899,
            "threshold": 3.39520263671875
          }
        },
        "tau20": 3.39520263671875,
        "closed_map": 0.2317012326596243,
        "open_map": 0.24984099811885935
      },
      "entropy": {
        "auroc": 0.6923766689964732,
        "tpr@osr": {
          "0.05": {
            "tpr": 0.0,
            "threshold": -Infinity
          },
          "0.1": {
            "tpr": 0.0,
            "threshold": -Infinity
          },
          "0.2": {
            "tpr": 0.0,
            "threshold": -Infinity
          }
        },
        "tau20": -Infinity
      }
    },
    "1": {
      "logsumexp": {
        "auroc": 0.8191775625831801,
        "tpr@osr": {
          "0.05": {
            "tpr": 0.630941139439723,
            "threshold": 206.69509887695312
          },
          "0.1": {
            "tpr": 0.6476235442241108,
            "threshold": 154.42437744140625
          },
          "0.2": {
            "tpr": 0.6896443185395027,
            "threshold": 84.97125244140625
          }
        },
        "tau20": 84.97125244140625,
        "closed_map": 0.5390522639923733,
        "open_map": 0.586794733987533
      },
      "entropy": {
        "auroc": 0.727330573603098,
        "tpr@osr": {
          "0.05": {
            "tpr": 0.0,
            "threshold": -Infinity
          },
          "0.1": {
            "tpr": 0.0,
            "threshold": -Infinity
          },
          "0.2": {
            "tpr": 0.0,
            "threshold": -Infinity
          }
        },
        "tau20": -Infinity
      }
    },
    "2": {
      "logsumexp": {
        "auroc": 0.8083480070416267,
        "tpr@osr": {
          "0.05": {
            "tpr": 0.6246458923512748,
            "threshold": 258.5711364746094
          },
          "0.1": {
            "tpr": 0.6395971041863393,
            "threshold": 207.66680908203125
          },
          "0.2": {
            "tpr": 0.6770538243626062,
            "threshold": 137.0570068359375
          }
        },
        "tau20": 137.0570068359375
      },
      "entropy": {
        "auroc": 0.7013233405440622,
        "tpr@osr": {
          "0.05": {
            "tpr": 0.0,
            "threshold": -Infinity
          },
          "0.1": {
            "tpr": 0.0,
            "threshold": -Infinity
          },
          "0.2": {
            "tpr": 0.0,
            "threshold": -Infinity
          }
        },
        "tau20": -Infinity
      }
    },
    "3": {
      "logsumexp": {
        "auroc": 0.8195617092904816,
        "tpr@osr": {
          "0.05": {
            "tpr": 0.6397544853635505,
            "threshold": 193.2861328125
          },
          "0.1": {
            "tpr": 0.6473087818696884,
            "threshold": 43.16357421875
          },
          "0.2": {
            "tpr": 0.687598363235757,
            "threshold": -135.9918212890625
          }
        },
        "tau20": -135.9918212890625,
        "closed_map": 0.6271022747649054,
        "open_map": 0.3599242459694898
      },
      "entropy": {
        "auroc": 0.561475181173841,
        "tpr@osr": {
          "0.05": {
            "tpr": 0.0,
            "threshold": -Infinity
          },
          "0.1": {
            "tpr": 0.0,
            "threshold": -Infinity
          },
          "0.2": {
            "tpr": 0.0,
            "threshold": -Infinity
          }
        },
        "tau20": -Infinity
      }
    },
    "4": {
      "logsumexp": {
        "auroc": 0.7285153893042267,
        "tpr@osr": {
          "0.05": {
            "tpr": 0.6314132829713566,
            "threshold": 352.30059814453125
          },
          "0.1": {
            "tpr": 0.6408561536040289,
            "threshold": 239.54644775390625
          },
          "0.2": {
            "tpr": 0.653918791312559,
            "threshold": 88.19488525390625
          }
        },
        "tau20": 88.19488525390625
      },
      "entropy": {
        "auroc": 0.5216740875279702,
        "tpr@osr": {
          "0.05": {
            "tpr": 0.0,
            "threshold": -Infinity
          },
          "0.1": {
            "tpr": 0.0,
            "threshold": -Infinity
          },
          "0.2": {
            "tpr": 0.0,
            "threshold": -Infinity
          }
        },
        "tau20": -Infinity
      }
    },
    "5": {
      "logsumexp": {
        "auroc": 0.6660533835407042,