{
  "baseline_closed_map": 0.5195755682615698,
  "softmax": {
    "auroc": 0.5738493411131598,
    "tpr@osr": {
      "0.05": {
        "tpr": 0.5087490961677512,
        "threshold": 0.09099365025758743
      },
      "0.1": {
        "tpr": 0.5139551699204628,
        "threshold": 0.05843665450811386
      },
      "0.2": {
        "tpr": 0.5230657989877079,
        "threshold": 0.033713601529598236
      }
    },
    "tau20": 0.033713601529598236
  },
  "softmax lse entropy": {
    "logsumexp": {
      "auroc": 0.5689047804416639,
      "tpr@osr": {
        "0.05": {
          "tpr": 0.5058568329718004,
          "threshold": -2.269456624984741
        },
        "0.1": {
          "tpr": 0.5116413593637021,
          "threshold": -2.718928098678589
        },
        "0.2": {
          "tpr": 0.5195950831525669,
          "threshold": -3.211332321166992
        }
      },
      "tau20": -3.211332321166992,
      "closed_map": "error: unknown prune_mode 'softmax_logsumexp'",
      "open_map": "error: unknown prune_mode 'softmax_logsumexp'"
    },
    "entropy": {
      "auroc": 0.7257502317302686,
      "tpr@osr": {
        "0.05": {
          "tpr": 0.5125090383224874,
          "threshold": 0.39193737506866455
        },
        "0.1": {
          "tpr": 0.5292841648590022,
          "threshold": 0.4492546021938324
        },
        "0.2": {
          "tpr": 0.5723788864786695,
          "threshold": 0.5066905617713928
        }
      },
      "tau20": 0.5066905617713928,
      "closed_map": "error: unknown prune_mode 'softmax_entropy'",
      "open_map": "error: unknown prune_mode 'softmax_entropy'"
    }
  },
  "softmax temperature": {
    "auroc": 0.5738493444368871,
    "tpr@osr": {
      "0.05": {
        "tpr": 0.5087490961677512,
        "threshold": 7.388302037725225e-06
      },
      "0.1": {
        "tpr": 0.5139551699204628,
        "threshold": 6.349534942273749e-07
      },
      "0.2": {
        "tpr": 0.5230657989877079,
        "threshold": 3.300715079035399e-08
      }
    },
    "tau20": 3.300715079035399e-08
  },
  "softmax temperature lse entropy": {
    "logsumexp": {
      "auroc": 0.5740564392386307,
      "tpr@osr": {
        "0.05": {
          "tpr": 0.5065798987707881,
          "threshold": -12.986184120178223
        },
        "0.1": {
          "tpr": 0.5112075198843095,
          "threshold": -15.380934715270996
        },
        "0.2": {
          "tpr": 0.5207519884309472,
          "threshold": -17.988510131835938
        }
      },
      "tau20": -17.988510131835938
    },
    "entropy": {
      "auroc": 0.7256863408279397,
      "tpr@osr": {
        "0.05": {
          "tpr": 0.5123644251626898,
          "threshold": 0.0007006291998550296
        },
        "0.1": {
          "tpr": 0.5291395516992047,
          "threshold": 0.0023263669572770596
        },
        "0.2": {
          "tpr": 0.572234273318872,
          "threshold": 0.007475526537746191
        }
      },
      "tau20": 0.007475526537746191
    }
  },
  "gmm": {
    "0": {
      "logsumexp": {
        "auroc": 0.6976605923112527,
        "tpr@osr": {
          "0.05": {
            "tpr": 0.4987707881417209,
            "threshold": 262.23992919921875
          },
          "0.1": {
            "tpr": 0.5265365148228489,
            "threshold": 224.0589599609375
          },
          "0.2": {
            "tpr": 0.570643528561099,
            "threshold": 175.2020263671875
          }
        },
        "tau20": 175.2020263671875
      },
      "entropy": {
        "auroc": 0.7557497746069715,
        "tpr@osr": {
          "0.05": {
            "tpr": 0.0,
            "threshold": -Infinity
          },
          "0.1": {
            "tpr": 0.6776572668112798,
            "threshold": -0.0
          },
          "0.2": {
            "tpr": 0.6818510484454086,
            "threshold": 2.886674836509123e-43
          }
        },
        "tau20": 2.886674836509123e-43
      }
    },
    "1": {
      "logsumexp": {
        "auroc": 0.677600960654691,
        "tpr@osr": {
          "0.05": {
            "tpr": 0.47563268257411423,
            "threshold": 238.130615234375
          },
          "0.1": {
            "tpr": 0.5101952277657267,
            "threshold": 210.07412719726562
          },
          "0.2": {
            "tpr": 0.5522776572668113,
            "threshold": 177.00035095214844
          }
        },
        "tau20": 177.00035095214844
      },
      "entropy": {
        "auroc": 0.7735436279981571,
        "tpr@osr": {
          "0.05": {
            "tpr": 0.5506869125090383,
            "threshold": -0.0
          },
          "0.1": {
            "tpr": 0.5745480838756327,
            "threshold": 6.267018092346466e-33
          },
          "0.2": {
            "tpr": 0.6500361532899493,
            "threshold": 2.4055952836932925e-19
          }
        },
        "tau20": 2.4055952836932925e-19
      }
    },
    "2": {
      "logsumexp": {
        "auroc": 0.6881035390250789,
        "tpr@osr": {
          "0.05": {
            "tpr": 0.4908170643528561,
            "threshold": 283.956787109375
          },
          "0.1": {
            "tpr": 0.5127982646420824,
            "threshold": 241.45855712890625
          },
          "0.2": {
            "tpr": 0.5466377440347071,
            "threshold": 180.80145263671875
          }
        },
        "tau20": 180.80145263671875
      },
      "entropy": {
        "auroc": 0.6616300121586376,
        "tpr@osr": {
          "0.05": {
            "tpr": 0.0,
            "threshold": -Infinity
          },
          "0.1": {
            "tpr": 0.0,
            "threshold": -Infinity
          },
          "0.2": {
            "tpr": 0.0,
            "threshold": -Infinity
          }
        },
        "tau20": -Infinity
      }
    },
    "3": {
      "logsumexp": {
        "auroc": 0.6202474854008602,
        "tpr@osr": {
          "0.05": {
            "tpr": 0.48575560375994215,
            "threshold": 371.6514892578125
          },
          "0.1": {
            "tpr": 0.5019522776572668,
            "threshold": 323.1853942871094
          },
          "0.2": {
            "tpr": 0.5229211858279104,
            "threshold": 264.06787109375
          }
        },
        "tau20": 264.06787109375
      },
      "entropy": {
        "auroc": 0.7053230301774943,
        "tpr@osr": {
          "0.05": {
            "tpr": 0.0,
            "threshold": -Infinity
          },
          "0.1": {
            "tpr": 0.0,
            "threshold": -Infinity
          },
          "0.2": {
            "tpr": 0.0,
            "threshold": -Infinity
          }
        },
        "tau20": -Infinity
      }
    },
    "4": {
      "logsumexp": {
        "auroc": 0.6459297169939253,
        "tpr@osr": {
          "0.05": {
            "tpr": 0.5065798987707881,
            "threshold": 300.82049560546875
          },
          "0.1": {
            "tpr": 0.5191612436731743,
            "threshold": 207.32037353515625
          },
          "0.2": {
            "tpr": 0.5388286334056399,
            "threshold": 85.29248046875
          }
        },
        "tau20": 85.29248046875
      },
      "entropy": {
        "auroc": 0.5478661426877024,
        "tpr@osr": {
          "0.05": {
            "tpr": 0.0,
            "threshold": -Infinity
          },
          "0.1": {
            "tpr": 0.0,
            "threshold": -Infinity
          },
          "0.2": {
            "tpr": 0.0,
            "threshold": -Infinity
          }
        },
        "tau20": -Infinity
      }
    },
    "5": {
      "logsumexp": {
        "auroc": 0.6163080298415762,
        "tpr@osr": {
          "0.05": {
            "tpr": 0.48575560375994215,
            "threshold": 570.1341552734375
          },
          "0.1": {
            "tpr": 0.5087490961677512,
            "threshold": 483.5443115234375
          },
          "0.2": {
            "tpr": 0.5362255965292841,