{
  "baseline_closed_map": 0.5419115276497216,
  "softmax": {
    "auroc": 0.08061604407754812,
    "tpr@osr": {
      "0.05": {
        "tpr": 0.01585938327235079,
        "threshold": 0.111821748316288
      },
      "0.1": {
        "tpr": 0.019024200854147792,
        "threshold": 0.07380883395671844
      },
      "0.2": {
        "tpr": 0.026948009929762227,
        "threshold": 0.045039378106594086
      }
    },
    "tau20": 0.045039378106594086,
    "closed_map": 0.5419115276497216,
    "open_map": 0.5267626084136243
  },
  "softmax lse entropy": {
    "logsumexp": {
      "auroc": 0.06978788507890395,
      "tpr@osr": {
        "0.05": {
          "tpr": 0.016009388566655295,
          "threshold": -1.9287132024765015
        },
        "0.1": {
          "tpr": 0.019227149193500947,
          "threshold": -2.3893425464630127
        },
        "0.2": {
          "tpr": 0.026759767991811477,
          "threshold": -2.9386985301971436
        }
      },
      "tau20": -2.9386985301971436
    },
    "entropy": {
      "auroc": 0.31069075494171344,
      "tpr@osr": {
        "0.05": {
          "tpr": 0.0280980505194301,
          "threshold": 0.3778063952922821
        },
        "0.1": {
          "tpr": 0.041977952163017515,
          "threshold": 0.4381134510040283
        },
        "0.2": {
          "tpr": 0.07488499594103322,
          "threshold": 0.5067871809005737
        }
      },
      "tau20": 0.5067871809005737
    }
  },
  "softmax temperature": {
    "auroc": 0.08061604359349707,
    "tpr@osr": {
      "0.05": {
        "tpr": 0.01585938327235079,
        "threshold": 3.609612031141296e-05
      },
      "0.1": {
        "tpr": 0.019024200854147792,
        "threshold": 3.776051698878291e-06
      },
      "0.2": {
        "tpr": 0.026948009929762227,
        "threshold": 2.8349830927254516e-07
      }
    },
    "tau20": 2.8349830927254516e-07
  },
  "softmax temperature lse entropy": {
    "logsumexp": {
      "auroc": 0.07114875154760443,
      "tpr@osr": {
        "0.05": {
          "tpr": 0.01599468216525289,
          "threshold": -10.725085258483887
        },
        "0.1": {
          "tpr": 0.01900949445274539,
          "threshold": -13.082611083984375
        },
        "0.2": {
          "tpr": 0.026512700448251113,
          "threshold": -15.914090156555176
        }
      },
      "tau20": -15.914090156555176
    },
    "entropy": {
      "auroc": 0.31069077635166314,
      "tpr@osr": {
        "0.05": {
          "tpr": 0.0280980505194301,
          "threshold": 0.000730011030100286
        },
        "0.1": {
          "tpr": 0.041977952163017515,
          "threshold": 0.002481562551110983
        },
        "0.2": {
          "tpr": 0.07488499594103322,
          "threshold": 0.009460734203457832
        }
      },
      "tau20": 0.009460734203457832
    }
  },
  "gmm": {
    "0": {
      "logsumexp": {
        "auroc": 0.4664950017751425,
        "tpr@osr": {
          "0.05": {
            "tpr": 0.040036707177900394,
            "threshold": 138.9638671875
          },
          "0.1": {
            "tpr": 0.09765932915279363,
            "threshold": 78.89923095703125
          },
          "0.2": {
            "tpr": 0.21423403178935727,
            "threshold": 12.7569580078125
          }
        },
        "tau20": 12.7569580078125
      },
      "entropy": {
        "auroc": 0.5915839651058384,
        "tpr@osr": {
          "0.05": {
            "tpr": 0.0,
            "threshold": -Infinity
          },
          "0.1": {
            "tpr": 0.0,
            "threshold": -Infinity
          },
          "0.2": {
            "tpr": 0.0,
            "threshold": -Infinity
          }
        },
        "tau20": -Infinity
      }
    },
    "1": {
      "logsumexp": {
        "auroc": 0.4997649884550007,
        "tpr@osr": {
          "0.05": {
            "tpr": 0.04065731731708178,
            "threshold": 197.58279418945312
          },
          "0.1": {
            "tpr": 0.06492876219160676,
            "threshold": 132.70947265625
          },
          "0.2": {
            "tpr": 0.1421608997964634,
            "threshold": 47.7125244140625
          }
        },
        "tau20": 47.7125244140625
      },
      "entropy": {
        "auroc": 0.5724931026603213,
        "tpr@osr": {
          "0.05": {
            "tpr": 0.0,
            "threshold": -Infinity
          },
          "0.1": {
            "tpr": 0.0,
            "threshold": -Infinity
          },
          "0.2": {
            "tpr": 0.0,
            "threshold": -Infinity
          }
        },
        "tau20": -Infinity
      }
    },
    "2": {
      "logsumexp": {
        "auroc": 0.4407323673230429,
        "tpr@osr": {
          "0.05": {
            "tpr": 0.026342106191983246,
            "threshold": 257.6085510253906
          },
          "0.1": {
            "tpr": 0.04426332694095086,
            "threshold": 204.01708984375
          },
          "0.2": {
            "tpr": 0.10152711272162547,
            "threshold": 132.24493408203125
          }
        },
        "tau20": 132.24493408203125
      },
      "entropy": {
        "auroc": 0.46889829771583535,
        "tpr@osr": {
          "0.05": {
            "tpr": 0.0,
            "threshold": -Infinity
          },
          "0.1": {
            "tpr": 0.0,
            "threshold": -Infinity
          },
          "0.2": {
            "tpr": 0.31609350918267703,
            "threshold": -0.0
          }
        },
        "tau20": -0.0
      }
    },
    "3": {
      "logsumexp": {
        "auroc": 0.44120276261105495,
        "tpr@osr": {
          "0.05": {
            "tpr": 0.02383907667329435,
            "threshold": 200.47528076171875
          },
          "0.1": {
            "tpr": 0.04102203607186136,
            "threshold": 58.68658447265625
          },
          "0.2": {
            "tpr": 0.11312458086756003,
            "threshold": -103.88470458984375
          }
        },
        "tau20": -103.88470458984375
      },
      "entropy": {
        "auroc": 0.5413918263596876,
        "tpr@osr": {
          "0.05": {
            "tpr": 0.0,
            "threshold": -Infinity
          },
          "0.1": {
            "tpr": 0.0,
            "threshold": -Infinity
          },
          "0.2": {
            "tpr": 0.0,
            "threshold": -Infinity
          }
        },
        "tau20": -Infinity
      }
    },
    "4": {
      "logsumexp": {
        "auroc": 0.26208835752190657,
        "tpr@osr": {
          "0.05": {
            "tpr": 0.016877066249397037,
            "threshold": 352.40472412109375
          },
          "0.1": {
            "tpr": 0.0282480558137346,
            "threshold": 237.40325927734375
          },
          "0.2": {
            "tpr": 0.04962822217254727,
            "threshold": 78.54449462890625
          }
        },
        "tau20": 78.54449462890625
      },
      "entropy": {
        "auroc": 0.5094430579189702,
        "tpr@osr": {
          "0.05": {
            "tpr": 0.0,
            "threshold": -Infinity
          },
          "0.1": {
            "tpr": 0.0,
            "threshold": -Infinity
          },
          "0.2": {
            "tpr": 0.0,
            "threshold": -Infinity
          }
        },
        "tau20": -Infinity
      }
    },
    "5": {
      "logsumexp": {
        "auroc": 0.1047314383629721,
        "tpr@osr": {
          "0.05": {
            "tpr": 0.015818205348424062,
            "threshold": 615.851806640625
          },
          "0.1": {
            "tpr": 0.019294798639952,
            "threshold": 565.0977172851562
          },
          "0.2": {
            "tpr": 0.027850982975869736,
            "threshold": 482.93115234375
          }
        },
        "tau20": 482.93115234375
      },
      "entropy": {
        "auroc": 0.508399535143239,
        "tpr@osr": {
          "0.05": {
            "tpr": 0.0,
            "threshold": -Infinity
          },