{
  "softmax": {
    "auroc": 0.875185587966197,
    "tpr@osr": {
      "0.05": {
        "tpr": 0.5063856960408685,
        "threshold": 0.8428661823272705
      },
      "0.1": {
        "tpr": 0.696892294593444,
        "threshold": 0.8095466494560242
      },
      "0.2": {
        "tpr": 0.8480204342273308,
        "threshold": 0.7149854898452759
      }
    },
    "tau20": 0.7149854898452759,
    "closed_map": 0.541746754435633,
    "open_map": 0.5268916539750561
  },
  "softmax lse entropy": {
    "logsumexp": {
      "auroc": 0.870217048985227,
      "tpr@osr": {
        "0.05": {
          "tpr": 0.5368241805023414,
          "threshold": 1.6380752325057983
        },
        "0.1": {
          "tpr": 0.7145593869731801,
          "threshold": 1.3981887102127075
        },
        "0.2": {
          "tpr": 0.8356747552149851,
          "threshold": 0.8539826273918152
        }
      },
      "tau20": 0.8539826273918152,
      "closed_map": 0.5294418309913084,
      "open_map": 0.5398555167551359
    },
    "entropy": {
      "auroc": 0.9270304867005825,
      "tpr@osr": {
        "0.05": {
          "tpr": 0.7945934440187313,
          "threshold": 0.054839570075273514
        },
        "0.1": {
          "tpr": 0.8365261813537676,
          "threshold": 0.08543774485588074
        },
        "0.2": {
          "tpr": 0.8825031928480205,
          "threshold": 0.17337575554847717
        }
      },
      "tau20": 0.17337575554847717,
      "closed_map": 0.5222407160997589,
      "open_map": 0.5317112945114657
    }
  },
  "softmax temperature": {
    "auroc": 0.8424563263838966,
    "tpr@osr": {
      "0.05": {
        "tpr": 0.3238317757009346,
        "threshold": 0.999910831451416
      },
      "0.1": {
        "tpr": 0.5261682242990654,
        "threshold": 0.9997805953025818
      },
      "0.2": {
        "tpr": 0.7238317757009346,
        "threshold": 0.999373733997345
      }
    },
    "tau20": 0.999373733997345,
    "closed_map": 0.5430256663629278,
    "open_map": 0.5272638928873686
  },
  "softmax temperature lse entropy": {
    "logsumexp": {
      "auroc": 0.8555481667864846,
      "tpr@osr": {
        "0.05": {
          "tpr": 0.4378504672897196,
          "threshold": 8.810860633850098
        },
        "0.1": {
          "tpr": 0.5985981308411215,
          "threshold": 8.021424293518066
        },
        "0.2": {
          "tpr": 0.7906542056074767,
          "threshold": 6.795035362243652
        }
      },
      "tau20": 6.795035362243652,
      "closed_map": 0.6017764967212357,
      "open_map": 0.5866291109564019
    },
    "entropy": {
      "auroc": 0.9390756649892164,
      "tpr@osr": {
        "0.05": {
          "tpr": 0.8107476635514018,
          "threshold": 5.671041969357304e-10
        },
        "0.1": {
          "tpr": 0.8733644859813084,
          "threshold": 3.3001006372046504e-09
        },
        "0.2": {
          "tpr": 0.9133177570093458,
          "threshold": 3.682501770185809e-08
        }
      },
      "tau20": 3.682501770185809e-08,
      "closed_map": 0.5403905074876904,
      "open_map": 0.5542673604256043
    }
  },
  "gmm": {
    "0": {
      "logsumexp": {
        "auroc": 0.9138433775745645,
        "tpr@osr": {
          "0.05": {
            "tpr": 0.7147722435078757,
            "threshold": 404.6153869628906
          },
          "0.1": {
            "tpr": 0.7718177948063005,
            "threshold": 388.1871337890625
          },
          "0.2": {
            "tpr": 0.8486590038314177,
            "threshold": 351.5453796386719
          }
        },
        "tau20": 351.5453796386719
      },
      "entropy": {
        "auroc": 0.5749486527710157,
        "tpr@osr": {
          "0.05": {
            "tpr": 0.0,
            "threshold": -Infinity
          },
          "0.1": {
            "tpr": 0.0,
            "threshold": -Infinity
          },
          "0.2": {
            "tpr": 0.0,
            "threshold": -Infinity
          }
        },
        "tau20": -Infinity
      }
    },
    "1": {
      "logsumexp": {
        "auroc": 0.9182608856713448,
        "tpr@osr": {
          "0.05": {
            "tpr": 0.7445721583652618,
            "threshold": 349.69964599609375
          },
          "0.1": {
            "tpr": 0.8001277139208174,
            "threshold": 326.4656982421875
          },
          "0.2": {
            "tpr": 0.8544061302681992,
            "threshold": 289.8697509765625
          }
        },
        "tau20": 289.8697509765625
      },
      "entropy": {
        "auroc": 0.5915099348729563,
        "tpr@osr": {
          "0.05": {
            "tpr": 0.0,
            "threshold": -Infinity
          },
          "0.1": {
            "tpr": 0.0,
            "threshold": -Infinity
          },
          "0.2": {
            "tpr": 0.0,
            "threshold": -Infinity
          }
        },
        "tau20": -Infinity
      }
    },
    "2": {
      "logsumexp": {
        "auroc": 0.908081404100487,
        "tpr@osr": {
          "0.05": {
            "tpr": 0.7347807577692635,
            "threshold": 400.8348083496094
          },
          "0.1": {
            "tpr": 0.7867177522349936,
            "threshold": 377.2144775390625
          },
          "0.2": {
            "tpr": 0.8450404427415922,
            "threshold": 335.70281982421875
          }
        },
        "tau20": 335.70281982421875
      },
      "entropy": {
        "auroc": 0.6039098570215607,
        "tpr@osr": {
          "0.05": {
            "tpr": 0.0,
            "threshold": -Infinity
          },
          "0.1": {
            "tpr": 0.0,
            "threshold": -Infinity
          },
          "0.2": {
            "tpr": 0.0,
            "threshold": -Infinity
          }
        },
        "tau20": -Infinity
      }
    },
    "3": {
      "logsumexp": {
        "auroc": 0.9264267561840116,
        "tpr@osr": {
          "0.05": {
            "tpr": 0.7935291613452533,
            "threshold": 510.090087890625
          },
          "0.1": {
            "tpr": 0.8371647509578544,
            "threshold": 478.25958251953125
          },
          "0.2": {
            "tpr": 0.8773946360153256,
            "threshold": 419.7290344238281
          }
        },
        "tau20": 419.7290344238281
      },
      "entropy": {
        "auroc": 0.5300448909727661,
        "tpr@osr": {
          "0.05": {
            "tpr": 0.0,
            "threshold": -Infinity
          },
          "0.1": {
            "tpr": 0.0,
            "threshold": -Infinity
          },
          "0.2": {
            "tpr": 0.0,
            "threshold": -Infinity
          }
        },
        "tau20": -Infinity
      }
    },
    "4": {
      "logsumexp": {
        "auroc": 0.914356996864776,
        "tpr@osr": {
          "0.05": {
            "tpr": 0.7569178373776075,
            "threshold": 569.4848022460938
          },
          "0.1": {
            "tpr": 0.8199233716475096,
            "threshold": 527.8799438476562
          },
          "0.2": {
            "tpr": 0.873350361856109,
            "threshold": 461.669677734375
          }
        },
        "tau20": 461.669677734375
      },
      "entropy": {
        "auroc": 0.5163860576617768,
        "tpr@osr": {
          "0.05": {
            "tpr": 0.0,
            "threshold": -Infinity
          },
          "0.1": {
            "tpr": 0.0,
            "threshold": -Infinity
          },
          "0.2": {
            "tpr": 0.0,
            "threshold": -Infinity
          }
        },
        "tau20": -Infinity
      }
    },
    "5": {
      "logsumexp": {
        "auroc": 0.8750208740524356,
        "tpr@osr": {
          "0.05": {
            "tpr": 0.3544061302681992,
            "threshold": 757.4351196289062
          },
          "0.1": {
            "tpr": 0.7139208173690932,
            "threshold": 705.4449462890625
          },
          "0.2": {
            "tpr": 0.8505747126436781,