{
  "softmax": {
    "auroc": 0.9130571423653207,
    "tpr@osr": {
      "0.05": {
        "tpr": 0.773421926910299,
        "threshold": 0.834023118019104
      },
      "0.1": {
        "tpr": 0.8299003322259136,
        "threshold": 0.6971119046211243
      },
      "0.2": {
        "tpr": 0.8757475083056478,
        "threshold": 0.48960235714912415
      }
    },
    "tau20": 0.48960235714912415
  },
  "gmm": {
    "0": {
      "logsumexp": {
        "auroc": 0.703068697291081,
        "tpr@osr": {
          "0.05": {
            "tpr": 0.3362126245847176,
            "threshold": 127.78076171875
          },
          "0.1": {
            "tpr": 0.4764119601328904,
            "threshold": 110.72402954101562
          },
          "0.2": {
            "tpr": 0.5687707641196014,
            "threshold": 93.59294128417969
          }
        },
        "tau20": 93.59294128417969
      },
      "entropy": {
        "auroc": 0.6995703424482494,
        "tpr@osr": {
          "0.05": {
            "tpr": 0.0,
            "threshold": -Infinity
          },
          "0.1": {
            "tpr": 0.373421926910299,
            "threshold": -0.0
          },
          "0.2": {
            "tpr": 0.4604651162790698,
            "threshold": 8.838449600912306e-38
          }
        },
        "tau20": 8.838449600912306e-38
      }
    },
    "1": {
      "logsumexp": {
        "auroc": 0.6616047469971889,
        "tpr@osr": {
          "0.05": {
            "tpr": 0.30564784053156147,
            "threshold": 54.748809814453125
          },
          "0.1": {
            "tpr": 0.41461794019933557,
            "threshold": 40.938812255859375
          },
          "0.2": {
            "tpr": 0.5282392026578073,
            "threshold": 21.98785400390625
          }
        },
        "tau20": 21.98785400390625
      },
      "entropy": {
        "auroc": 0.7104507411193457,
        "tpr@osr": {
          "0.05": {
            "tpr": 0.0,
            "threshold": -Infinity
          },
          "0.1": {
            "tpr": 0.3654485049833887,
            "threshold": -0.0
          },
          "0.2": {
            "tpr": 0.49169435215946844,
            "threshold": 6.771264164300193e-35
          }
        },
        "tau20": 6.771264164300193e-35
      }
    },
    "2": {
      "logsumexp": {
        "auroc": 0.6619499504855609,
        "tpr@osr": {
          "0.05": {
            "tpr": 0.32558139534883723,
            "threshold": 45.373077392578125
          },
          "0.1": {
            "tpr": 0.4212624584717608,
            "threshold": 33.526763916015625
          },
          "0.2": {
            "tpr": 0.5528239202657808,
            "threshold": 14.8099365234375
          }
        },
        "tau20": 14.8099365234375
      },
      "entropy": {
        "auroc": 0.7784702034883721,
        "tpr@osr": {
          "0.05": {
            "tpr": 0.3926910299003322,
            "threshold": -0.0
          },
          "0.1": {
            "tpr": 0.453156146179402,
            "threshold": 2.4707470315220883e-39
          },
          "0.2": {
            "tpr": 0.6212624584717608,
            "threshold": 4.163224982883556e-28
          }
        },
        "tau20": 4.163224982883556e-28
      }
    },
    "3": {
      "logsumexp": {
        "auroc": 0.6890642968949654,
        "tpr@osr": {
          "0.05": {
            "tpr": 0.24717607973421926,
            "threshold": 92.66282653808594
          },
          "0.1": {
            "tpr": 0.3973421926910299,
            "threshold": 73.87042236328125
          },
          "0.2": {
            "tpr": 0.5840531561461794,
            "threshold": 47.52880859375
          }
        },
        "tau20": 47.52880859375
      },
      "entropy": {
        "auroc": 0.753969740288781,
        "tpr@osr": {
          "0.05": {
            "tpr": 0.0,
            "threshold": -Infinity
          },
          "0.1": {
            "tpr": 0.43521594684385384,
            "threshold": -0.0
          },
          "0.2": {
            "tpr": 0.5621262458471761,
            "threshold": 5.615826915427551e-34
          }
        },
        "tau20": 5.615826915427551e-34
      }
    },
    "4": {
      "logsumexp": {
        "auroc": 0.6679046607462306,
        "tpr@osr": {
          "0.05": {
            "tpr": 0.15946843853820597,
            "threshold": 195.1800994873047
          },
          "0.1": {
            "tpr": 0.2930232558139535,
            "threshold": 178.47755432128906
          },
          "0.2": {
            "tpr": 0.48039867109634554,
            "threshold": 151.19293212890625
          }
        },
        "tau20": 151.19293212890625
      },
      "entropy": {
        "auroc": 0.7472401689879888,
        "tpr@osr": {
          "0.05": {
            "tpr": 0.0,
            "threshold": -Infinity
          },
          "0.1": {
            "tpr": 0.0,
            "threshold": -Infinity
          },
          "0.2": {
            "tpr": 0.5960132890365448,
            "threshold": -0.0
          }
        },
        "tau20": -0.0
      }
    },
    "5": {
      "logsumexp": {
        "auroc": 0.7650348198313314,
        "tpr@osr": {
          "0.05": {
            "tpr": 0.3674418604651163,
            "threshold": 322.88037109375
          },
          "0.1": {
            "tpr": 0.5514950166112956,
            "threshold": 293.6513366699219
          },
          "0.2": {
            "tpr": 0.6764119601328904,
            "threshold": 258.8190612792969
          }
        },
        "tau20": 258.8190612792969
      },
      "entropy": {
        "auroc": 0.61676822450805,
        "tpr@osr": {
          "0.05": {
            "tpr": 0.0,
            "threshold": -Infinity
          },
          "0.1": {
            "tpr": 0.0,
            "threshold": -Infinity
          },
          "0.2": {
            "tpr": 0.5481727574750831,
            "threshold": -0.0
          }
        },
        "tau20": -0.0
      }
    }
  },
  "gmm temperature": {
    "0": {
      "logsumexp": {
        "auroc": 0.6946396626629185,
        "tpr@osr": {
          "0.05": {
            "tpr": 0.29833887043189367,
            "threshold": 9.522603034973145
          },
          "0.1": {
            "tpr": 0.4504983388704319,
            "threshold": 8.238076210021973
          },
          "0.2": {
            "tpr": 0.5627906976744186,
            "threshold": 6.897915363311768
          }
        },
        "tau20": 6.897915363311768
      },
      "entropy": {
        "auroc": 0.6875698792486582,
        "tpr@osr": {
          "0.05": {
            "tpr": 0.18006644518272424,
            "threshold": 0.0004763434990309179
          },
          "0.1": {
            "tpr": 0.2764119601328904,
            "threshold": 0.0026662012096494436
          },
          "0.2": {
            "tpr": 0.44119601328903657,
            "threshold": 0.016025204211473465
          }
        },
        "tau20": 0.016025204211473465
      }
    },
    "1": {
      "logsumexp": {
        "auroc": 0.6508397489138769,
        "tpr@osr": {
          "0.05": {
            "tpr": 0.2644518272425249,
            "threshold": 4.394314765930176
          },
          "0.1": {
            "tpr": 0.37940199335548175,
            "threshold": 3.2835183143615723
          },
          "0.2": {
            "tpr": 0.5049833887043189,
            "threshold": 1.9258816242218018
          }
        },
        "tau20": 1.9258816242218018
      },
      "entropy": {
        "auroc": 0.7060088167646308,
        "tpr@osr": {
          "0.05": {
            "tpr": 0.2059800664451827,
            "threshold": 0.00042018500971607864
          },
          "0.1": {
            "tpr": 0.3096345514950166,
            "threshold": 0.0031775454990565777
          },
          "0.2": {
            "tpr": 0.47109634551495017,
            "threshold": 0.025074737146496773
          }
        },
        "tau20": 0.025074737146496773
      }
    },