{
  "gmm": {
    "0": {
      "logsumexp": {
        "auroc": 0.5155812332880504,
        "tpr@osr": {
          "0.05": {
            "tpr": 0.22355371900826446,
            "threshold": 114.07037353515625
          },
          "0.1": {
            "tpr": 0.2785123966942149,
            "threshold": 103.52609252929688
          },
          "0.2": {
            "tpr": 0.3537190082644628,
            "threshold": 89.01071166992188
          }
        },
        "tau20": 89.01071166992188
      },
      "entropy": {
        "auroc": 0.5026006534054206,
        "tpr@osr": {
          "0.05": {
            "tpr": 0.0,
            "threshold": -Infinity
          },
          "0.1": {
            "tpr": 0.0,
            "threshold": -Infinity
          },
          "0.2": {
            "tpr": 0.0,
            "threshold": -Infinity
          }
        },
        "tau20": -Infinity
      }
    },
    "1": {
      "logsumexp": {
        "auroc": 0.49632359619623306,
        "tpr@osr": {
          "0.05": {
            "tpr": 0.1987603305785124,
            "threshold": 48.027496337890625
          },
          "0.1": {
            "tpr": 0.2528925619834711,
            "threshold": 36.98541259765625
          },
          "0.2": {
            "tpr": 0.3446280991735537,
            "threshold": 23.084869384765625
          }
        },
        "tau20": 23.084869384765625
      },
      "entropy": {
        "auroc": 0.5041490559094237,
        "tpr@osr": {
          "0.05": {
            "tpr": 0.0,
            "threshold": -Infinity
          },
          "0.1": {
            "tpr": 0.0,
            "threshold": -Infinity
          },
          "0.2": {
            "tpr": 0.0,
            "threshold": -Infinity
          }
        },
        "tau20": -Infinity
      }
    },
    "2": {
      "logsumexp": {
        "auroc": 0.5078343858028196,
        "tpr@osr": {
          "0.05": {
            "tpr": 0.21239669421487603,
            "threshold": 34.546722412109375
          },
          "0.1": {
            "tpr": 0.27603305785123966,
            "threshold": 23.4910888671875
          },
          "0.2": {
            "tpr": 0.3524793388429752,
            "threshold": 9.069000244140625
          }
        },
        "tau20": 9.069000244140625
      },
      "entropy": {
        "auroc": 0.5150995767937329,
        "tpr@osr": {
          "0.05": {
            "tpr": 0.0,
            "threshold": -Infinity
          },
          "0.1": {
            "tpr": 0.0,
            "threshold": -Infinity
          },
          "0.2": {
            "tpr": 0.0,
            "threshold": -Infinity
          }
        },
        "tau20": -Infinity
      }
    },
    "3": {
      "logsumexp": {
        "auroc": 0.5394998355720332,
        "tpr@osr": {
          "0.05": {
            "tpr": 0.21446280991735536,
            "threshold": 76.51776123046875
          },
          "0.1": {
            "tpr": 0.2958677685950413,
            "threshold": 59.93505859375
          },
          "0.2": {
            "tpr": 0.38636363636363635,
            "threshold": 38.7635498046875
          }
        },
        "tau20": 38.7635498046875
      },
      "entropy": {
        "auroc": 0.5085001233209752,
        "tpr@osr": {
          "0.05": {
            "tpr": 0.0,
            "threshold": -Infinity
          },
          "0.1": {
            "tpr": 0.0,
            "threshold": -Infinity
          },
          "0.2": {
            "tpr": 0.0,
            "threshold": -Infinity
          }
        },
        "tau20": -Infinity
      }
    },
    "4": {
      "logsumexp": {
        "auroc": 0.5186186386930325,
        "tpr@osr": {
          "0.05": {
            "tpr": 0.14710743801652892,
            "threshold": 191.3572998046875
          },
          "0.1": {
            "tpr": 0.22148760330578512,
            "threshold": 175.5787353515625
          },
          "0.2": {
            "tpr": 0.32892561983471075,
            "threshold": 148.46380615234375
          }
        },
        "tau20": 148.46380615234375
      },
      "entropy": {
        "auroc": 0.5089888463029154,
        "tpr@osr": {
          "0.05": {
            "tpr": 0.0,
            "threshold": -Infinity
          },
          "0.1": {
            "tpr": 0.0,
            "threshold": -Infinity
          },
          "0.2": {
            "tpr": 0.0,
            "threshold": -Infinity
          }
        },
        "tau20": -Infinity
      }
    },
    "5": {
      "logsumexp": {
        "auroc": 0.6008386805047156,
        "tpr@osr": {
          "0.05": {
            "tpr": 0.28884297520661156,
            "threshold": 310.524169921875
          },
          "0.1": {
            "tpr": 0.34628099173553717,
            "threshold": 291.9183654785156
          },
          "0.2": {
            "tpr": 0.43388429752066116,
            "threshold": 264.626708984375
          }
        },
        "tau20": 264.626708984375
      },
      "entropy": {
        "auroc": 0.5129860901769949,
        "tpr@osr": {
          "0.05": {
            "tpr": 0.0,
            "threshold": -Infinity
          },
          "0.1": {
            "tpr": 0.0,
            "threshold": -Infinity
          },
          "0.2": {
            "tpr": 0.0,
            "threshold": -Infinity
          }
        },
        "tau20": -Infinity
      }
    }
  },
  "gmm temperature": {
    "0": {
      "logsumexp": {
        "auroc": 0.5157442714470835,
        "tpr@osr": {
          "0.05": {
            "tpr": 0.22355371900826446,
            "threshold": 8.472384452819824
          },
          "0.1": {
            "tpr": 0.27892561983471076,
            "threshold": 7.688277244567871
          },
          "0.2": {
            "tpr": 0.3537190082644628,
            "threshold": 6.618674278259277
          }
        },
        "tau20": 6.618674278259277
      },
      "entropy": {
        "auroc": 0.6632374104944192,
        "tpr@osr": {
          "0.05": {
            "tpr": 0.24297520661157024,
            "threshold": 2.14837963906497e-15
          },
          "0.1": {
            "tpr": 0.3409090909090909,
            "threshold": 1.0860091038261688e-12
          },
          "0.2": {
            "tpr": 0.46611570247933887,
            "threshold": 3.2545460770805335e-10
          }
        },
        "tau20": 3.2545460770805335e-10
      }
    },
    "1": {
      "logsumexp": {
        "auroc": 0.4963527136486957,
        "tpr@osr": {
          "0.05": {
            "tpr": 0.19834710743801653,
            "threshold": 3.436589002609253
          },
          "0.1": {
            "tpr": 0.2516528925619835,
            "threshold": 2.6534950733184814
          },
          "0.2": {
            "tpr": 0.3433884297520661,
            "threshold": 1.656225562095642
          }
        },
        "tau20": 1.656225562095642
      },
      "entropy": {
        "auroc": 0.6659106764644855,
        "tpr@osr": {
          "0.05": {
            "tpr": 0.2413223140495868,
            "threshold": 1.729616714337811e-14
          },
          "0.1": {
            "tpr": 0.3322314049586777,
            "threshold": 3.220734226191957e-12
          },
          "0.2": {
            "tpr": 0.45950413223140496,
            "threshold": 6.208468739110629e-10
          }
        },
        "tau20": 6.208468739110629e-10
      }
    },
    "2": {
      "logsumexp": {
        "auroc": 0.507685989562739,
        "tpr@osr": {
          "0.05": {
            "tpr": 0.2103305785123967,
            "threshold": 1.9003620147705078
          },
          "0.1": {
            "tpr": 0.27479338842975204,