{
  "softmax": {
    "auroc": 0.5945870914027639,
    "tpr@osr": {
      "0.05": {
        "tpr": 0.16459755845230706,
        "threshold": 0.26210078597068787
      },
      "0.1": {
        "tpr": 0.2272139457893648,
        "threshold": 0.18473881483078003
      },
      "0.2": {
        "tpr": 0.33868715083798884,
        "threshold": 0.12928329408168793
      }
    },
    "tau20": 0.12928329408168793
  },
  "softmax lse entropy": {
    "logsumexp": {
      "auroc": 0.5601369780757842,
      "tpr@osr": {
        "0.05": {
          "tpr": 0.13927684667908133,
          "threshold": 0.2237095832824707
        },
        "0.1": {
          "tpr": 0.19480653838195738,
          "threshold": -0.09072470664978027
        },
        "0.2": {
          "tpr": 0.29761535278295054,
          "threshold": -0.42982053756713867
        }
      },
      "tau20": -0.42982053756713867
    },
    "entropy": {
      "auroc": 0.6374838451999286,
      "tpr@osr": {
        "0.05": {
          "tpr": 0.18875439685495551,
          "threshold": 3.0574381351470947
        },
        "0.1": {
          "tpr": 0.2741568384026485,
          "threshold": 3.2491581439971924
        },
        "0.2": {
          "tpr": 0.40463997517070144,
          "threshold": 3.4028024673461914
        }
      },
      "tau20": 3.4028024673461914
    }
  },
  "softmax temperature": {
    "auroc": 0.712739942539254,
    "tpr@osr": {
      "0.05": {
        "tpr": 0.2220912611550766,
        "threshold": 0.9995088577270508
      },
      "0.1": {
        "tpr": 0.38221922882640175,
        "threshold": 0.9955582618713379
      },
      "0.2": {
        "tpr": 0.5256777235224785,
        "threshold": 0.9410971999168396
      }
    },
    "tau20": 0.9410971999168396
  },
  "softmax temperature lse entropy": {
    "logsumexp": {
      "auroc": 0.7174794459417162,
      "tpr@osr": {
        "0.05": {
          "tpr": 0.2825391480047146,
          "threshold": 6.774759292602539
        },
        "0.1": {
          "tpr": 0.4128641185384745,
          "threshold": 4.606619834899902
        },
        "0.2": {
          "tpr": 0.5601953190772857,
          "threshold": 1.4603025913238525
        }
      },
      "tau20": 1.4603025913238525
    },
    "entropy": {
      "auroc": 0.7658146162880904,
      "tpr@osr": {
        "0.05": {
          "tpr": 0.3621821855531234,
          "threshold": 1.710999640636146e-05
        },
        "0.1": {
          "tpr": 0.49250715608688334,
          "threshold": 0.00046761243720538914
        },
        "0.2": {
          "tpr": 0.5935342650277825,
          "threshold": 0.006101781502366066
        }
      },
      "tau20": 0.006101781502366066
    }
  },
  "gmm": {
    "0": {
      "logsumexp": {
        "auroc": 0.42910846932255475,
        "tpr@osr": {
          "0.05": {
            "tpr": 0.033235050693151254,
            "threshold": 168.6090545654297
          },
          "0.1": {
            "tpr": 0.06910821435961101,
            "threshold": 157.68768310546875
          },
          "0.2": {
            "tpr": 0.14222532588454376,
            "threshold": 144.80636596679688
          }
        },
        "tau20": 144.80636596679688
      },
      "entropy": {
        "auroc": 0.5738785728750008,
        "tpr@osr": {
          "0.05": {
            "tpr": 0.1366904614111318,
            "threshold": 1.3140832086011773e-16
          },
          "0.1": {
            "tpr": 0.2037295675563832,
            "threshold": 5.204565077521206e-12
          },
          "0.2": {
            "tpr": 0.31194392716739083,
            "threshold": 6.109418393407395e-08
          }
        },
        "tau20": 6.109418393407395e-08
      }
    },
    "1": {
      "logsumexp": {
        "auroc": 0.433021908533263,
        "tpr@osr": {
          "0.05": {
            "tpr": 0.03178667494309952,
            "threshold": 107.7246322631836
          },
          "0.1": {
            "tpr": 0.06838402648458515,
            "threshold": 95.09101104736328
          },
          "0.2": {
            "tpr": 0.14830333126422512,
            "threshold": 79.30265045166016
          }
        },
        "tau20": 79.30265045166016
      },
      "entropy": {
        "auroc": 0.5807138512778729,
        "tpr@osr": {
          "0.05": {
            "tpr": 0.14760500724187875,
            "threshold": 8.404086202111797e-16
          },
          "0.1": {
            "tpr": 0.21448893027105317,
            "threshold": 1.028185956514216e-11
          },
          "0.2": {
            "tpr": 0.3254707221187668,
            "threshold": 5.729150487354673e-08
          }
        },
        "tau20": 5.729150487354673e-08
      }
    },
    "2": {
      "logsumexp": {
        "auroc": 0.41072396378697973,
        "tpr@osr": {
          "0.05": {
            "tpr": 0.0271311814607904,
            "threshold": 99.22984313964844
          },
          "0.1": {
            "tpr": 0.05736602524312021,
            "threshold": 85.70687103271484
          },
          "0.2": {
            "tpr": 0.1270432443616801,
            "threshold": 69.15283203125
          }
        },
        "tau20": 69.15283203125
      },
      "entropy": {
        "auroc": 0.5826618471931728,
        "tpr@osr": {
          "0.05": {
            "tpr": 0.1543296089385475,
            "threshold": 7.917898819508485e-15
          },
          "0.1": {
            "tpr": 0.2238257810883509,
            "threshold": 4.6817171667212776e-11
          },
          "0.2": {
            "tpr": 0.32785019656528036,
            "threshold": 9.287183644346442e-08
          }
        },
        "tau20": 9.287183644346442e-08
      }
    },
    "3": {
      "logsumexp": {
        "auroc": 0.4656364344325483,
        "tpr@osr": {
          "0.05": {
            "tpr": 0.02860542106352162,
            "threshold": 158.3875732421875
          },
          "0.1": {
            "tpr": 0.06659942064969998,
            "threshold": 141.6001739501953
          },
          "0.2": {
            "tpr": 0.14982929857231533,
            "threshold": 119.4620361328125
          }
        },
        "tau20": 119.4620361328125
      },
      "entropy": {
        "auroc": 0.5821297734674461,
        "tpr@osr": {
          "0.05": {
            "tpr": 0.1509931719428926,
            "threshold": 9.371418672827644e-20
          },
          "0.1": {
            "tpr": 0.21580798675770743,
            "threshold": 5.9355766016209316e-15
          },
          "0.2": {
            "tpr": 0.3266863231947031,
            "threshold": 2.052073649894126e-10
          }
        },
        "tau20": 2.052073649894126e-10
      }
    },
    "4": {
      "logsumexp": {
        "auroc": 0.46570111856813395,
        "tpr@osr": {
          "0.05": {
            "tpr": 0.031088350920753155,
            "threshold": 277.77252197265625
          },
          "0.1": {
            "tpr": 0.06996172149803434,
            "threshold": 261.5623779296875
          },
          "0.2": {
            "tpr": 0.15197599834471343,
            "threshold": 239.9474334716797
          }
        },
        "tau20": 239.9474334716797
      },
      "entropy": {
        "auroc": 0.5981849934177659,
        "tpr@osr": {
          "0.05": {
            "tpr": 0.15991620111731844,
            "threshold": 1.4975190001355438e-26
          },
          "0.1": {
            "tpr": 0.2377663976825988,
            "threshold": 2.1626145976710205e-19
          },
          "0.2": {
            "tpr": 0.3526277674322367,
            "threshold": 2.78424635777319e-13
          }
        },
        "tau20": 2.78424635777319e-13
      }
    },
    "5": {
      "logsumexp": {
        "auroc": 0.483265260310182,
        "tpr@osr": {
          "0.05": {
            "tpr": 0.034036830126215604,
            "threshold": 446.5779724121094
          },
          "0.1": {
            "tpr": 0.0750051727705359,
            "threshold": 421.9017639160156
          },