{
  "baseline_closed_map": 0.5195755682615698,
  "softmax": {
    "auroc": 0.9763461350293543,
    "tpr@osr": {
      "0.05": {
        "tpr": 0.912,
        "threshold": 0.6385126113891602
      },
      "0.1": {
        "tpr": 0.9494285714285714,
        "threshold": 0.5704825520515442
      },
      "0.2": {
        "tpr": 0.9762857142857143,
        "threshold": 0.48460277915000916
      }
    },
    "tau20": 0.48460277915000916,
    "closed_map": 0.5195755682615698,
    "open_map": 0.5663731464759292
  },
  "softmax lse entropy": {
    "logsumexp": {
      "auroc": 0.9751758806262231,
      "tpr@osr": {
        "0.05": {
          "tpr": 0.9008571428571429,
          "threshold": 0.703506350517273
        },
        "0.1": {
          "tpr": 0.9465714285714286,
          "threshold": 0.4716688394546509
        },
        "0.2": {
          "tpr": 0.976,
          "threshold": 0.1825333684682846
        }
      },
      "tau20": 0.1825333684682846,
      "closed_map": 0.49233430532267836,
      "open_map": 0.5641999862054501
    },
    "entropy": {
      "auroc": 0.9886876223091977,
      "tpr@osr": {
        "0.05": {
          "tpr": 0.9745714285714285,
          "threshold": 0.2533756494522095
        },
        "0.1": {
          "tpr": 0.9814285714285714,
          "threshold": 0.3185696005821228
        },
        "0.2": {
          "tpr": 0.9862857142857143,
          "threshold": 0.3899904787540436
        }
      },
      "tau20": 0.3899904787540436,
      "closed_map": 0.5201654157313741,
      "open_map": 0.5698319366899509
    }
  },
  "softmax temperature": {
    "auroc": 0.950007881201261,
    "tpr@osr": {
      "0.05": {
        "tpr": 0.8019744483159117,
        "threshold": 0.9964589476585388
      },
      "0.1": {
        "tpr": 0.8954703832752613,
        "threshold": 0.9772422313690186
      },
      "0.2": {
        "tpr": 0.9413472706155633,
        "threshold": 0.9202172756195068
      }
    },
    "tau20": 0.9202172756195068,
    "closed_map": 0.5151258455684338,
    "open_map": 0.5746146513871697
  },
  "softmax temperature lse entropy": {
    "logsumexp": {
      "auroc": 0.9680097892815662,
      "tpr@osr": {
        "0.05": {
          "tpr": 0.874274099883856,
          "threshold": 4.414602756500244
        },
        "0.1": {
          "tpr": 0.9343786295005807,
          "threshold": 2.9158172607421875
        },
        "0.2": {
          "tpr": 0.9724157955865272,
          "threshold": 1.5592511892318726
        }
      },
      "tau20": 1.5592511892318726,
      "closed_map": 0.6104541370093405,
      "open_map": 0.6718071254103511
    },
    "entropy": {
      "auroc": 0.9879782644765223,
      "tpr@osr": {
        "0.05": {
          "tpr": 0.9660278745644599,
          "threshold": 3.6443072986003244e-06
        },
        "0.1": {
          "tpr": 0.9828687572590011,
          "threshold": 3.680684312712401e-05
        },
        "0.2": {
          "tpr": 0.9898373983739838,
          "threshold": 0.00043470339733175933
        }
      },
      "tau20": 0.00043470339733175933,
      "closed_map": "error: need at least one array to concatenate",
      "open_map": "error: need at least one array to concatenate"
    }
  },
  "gmm": {
    "0": {
      "logsumexp": {
        "auroc": 0.9114249021526418,
        "tpr@osr": {
          "0.05": {
            "tpr": 0.732,
            "threshold": 381.9474792480469
          },
          "0.1": {
            "tpr": 0.7931428571428571,
            "threshold": 367.4532775878906
          },
          "0.2": {
            "tpr": 0.848,
            "threshold": 347.85223388671875
          }
        },
        "tau20": 347.85223388671875
      },
      "entropy": {
        "auroc": 0.7565660469667319,
        "tpr@osr": {
          "0.05": {
            "tpr": 0.0,
            "threshold": -Infinity
          },
          "0.1": {
            "tpr": 0.0,
            "threshold": -Infinity
          },
          "0.2": {
            "tpr": 0.0,
            "threshold": -Infinity
          }
        },
        "tau20": -Infinity
      }
    },
    "1": {
      "logsumexp": {
        "auroc": 0.9159134050880626,
        "tpr@osr": {
          "0.05": {
            "tpr": 0.7651428571428571,
            "threshold": 293.6394348144531
          },
          "0.1": {
            "tpr": 0.816,
            "threshold": 279.5536804199219
          },
          "0.2": {
            "tpr": 0.8717142857142857,
            "threshold": 258.487060546875
          }
        },
        "tau20": 258.487060546875
      },
      "entropy": {
        "auroc": 0.8040792563600783,
        "tpr@osr": {
          "0.05": {
            "tpr": 0.0,
            "threshold": -Infinity
          },
          "0.1": {
            "tpr": 0.0,
            "threshold": -Infinity
          },
          "0.2": {
            "tpr": 0.9902857142857143,
            "threshold": -0.0
          }
        },
        "tau20": -0.0
      }
    },
    "2": {
      "logsumexp": {
        "auroc": 0.9359743150684932,
        "tpr@osr": {
          "0.05": {
            "tpr": 0.8048571428571428,
            "threshold": 391.0803527832031
          },
          "0.1": {
            "tpr": 0.8554285714285714,
            "threshold": 372.7293701171875
          },
          "0.2": {
            "tpr": 0.8997142857142857,
            "threshold": 344.4350891113281
          }
        },
        "tau20": 344.4350891113281
      },
      "entropy": {
        "auroc": 0.6488999510763209,
        "tpr@osr": {
          "0.05": {
            "tpr": 0.0,
            "threshold": -Infinity
          },
          "0.1": {
            "tpr": 0.0,
            "threshold": -Infinity
          },
          "0.2": {
            "tpr": 0.0,
            "threshold": -Infinity
          }
        },
        "tau20": -Infinity
      }
    },
    "3": {
      "logsumexp": {
        "auroc": 0.9455327788649706,
        "tpr@osr": {
          "0.05": {
            "tpr": 0.8371428571428572,
            "threshold": 473.44012451171875
          },
          "0.1": {
            "tpr": 0.8805714285714286,
            "threshold": 447.93231201171875
          },
          "0.2": {
            "tpr": 0.9222857142857143,
            "threshold": 410.51959228515625
          }
        },
        "tau20": 410.51959228515625
      },
      "entropy": {
        "auroc": 0.6086536203522505,
        "tpr@osr": {
          "0.05": {
            "tpr": 0.0,
            "threshold": -Infinity
          },
          "0.1": {
            "tpr": 0.0,
            "threshold": -Infinity
          },
          "0.2": {
            "tpr": 0.0,
            "threshold": -Infinity
          }
        },
        "tau20": -Infinity
      }
    },
    "4": {
      "logsumexp": {
        "auroc": 0.9619461839530332,
        "tpr@osr": {
          "0.05": {
            "tpr": 0.8614285714285714,
            "threshold": 512.8910522460938
          },
          "0.1": {
            "tpr": 0.9125714285714286,
            "threshold": 484.01458740234375
          },
          "0.2": {
            "tpr": 0.944,
            "threshold": 438.692626953125
          }
        },
        "tau20": 438.692626953125
      },
      "entropy": {
        "auroc": 0.5744727250489237,
        "tpr@osr": {
          "0.05": {
            "tpr": 0.0,
            "threshold": -Infinity
          },
          "0.1": {
            "tpr": 0.0,
            "threshold": -Infinity
          },
          "0.2": {
            "tpr": 0.0,
            "threshold": -Infinity
          }
        },
        "tau20": -Infinity
      }
    },
    "5": {
      "logsumexp": {
        "auroc": 0.9336724559686889,
        "tpr@osr": {
          "0.05": {
            "tpr": 0.7488571428571429,
            "threshold": 685.8323974609375
          },
          "0.1": {
            "tpr": 0.8597142857142858,
            "threshold": 652.326904296875
          },