{
  "baseline_closed_map": 0.5092218860880051,
  "softmax": {
    "auroc": 0.6955093593456112,
    "tpr@osr": {
      "0.05": {
        "tpr": 0.28833600197068604,
        "threshold": 0.834023118019104
      },
      "0.1": {
        "tpr": 0.3877324793693805,
        "threshold": 0.6971119046211243
      },
      "0.2": {
        "tpr": 0.5142258898879172,
        "threshold": 0.48960235714912415
      }
    },
    "tau20": 0.48960235714912415,
    "closed_map": 0.5015497697606661,
    "open_map": 0.4761272193342234
  },
  "softmax temperature": {
    "error": "need at least one array to concatenate"
  },
  "gmm": {
    "error": "need at least one array to concatenate"
  },
  "gmm temperature": {
    "0": {
      "logsumexp": {
        "auroc": 0.6803665517494575,
        "tpr@osr": {
          "0.05": {
            "tpr": 0.15630003695036335,
            "threshold": 8.677569389343262
          },
          "0.1": {
            "tpr": 0.2484296095578273,
            "threshold": 8.026261329650879
          },
          "0.2": {
            "tpr": 0.42037196699100876,
            "threshold": 6.866034030914307
          }
        },
        "tau20": 6.866034030914307,
        "closed_map": 0.46301869307258914,
        "open_map": 0.4470941510504042
      },
      "entropy": {
        "auroc": 0.6557633240404749,
        "tpr@osr": {
          "0.05": {
            "tpr": 0.26284025126247074,
            "threshold": 0.0005792927113361657
          },
          "0.1": {
            "tpr": 0.34216036457691834,
            "threshold": 0.00417450163513422
          },
          "0.2": {
            "tpr": 0.45498214065771647,
            "threshold": 0.041708219796419144
          }
        },
        "tau20": 0.041708219796419144,
        "closed_map": 0.5290500708942457,
        "open_map": 0.5005141100539493
      }
    },
    "1": {
      "logsumexp": {
        "auroc": 0.6730954278662586,
        "tpr@osr": {
          "0.05": {
            "tpr": 0.16947899987683213,
            "threshold": 5.183834075927734
          },
          "0.1": {
            "tpr": 0.26875230939770905,
            "threshold": 4.485683441162109
          },
          "0.2": {
            "tpr": 0.4191402882128341,
            "threshold": 3.4564411640167236
          }
        },
        "tau20": 3.4564411640167236,
        "closed_map": 0.40355027643111313,
        "open_map": 0.38761358880172175
      },
      "entropy": {
        "auroc": 0.6688458400049268,
        "tpr@osr": {
          "0.05": {
            "tpr": 0.29289321344993224,
            "threshold": 0.0005621733143925667
          },
          "0.1": {
            "tpr": 0.3695036334523956,
            "threshold": 0.007057998329401016
          },
          "0.2": {
            "tpr": 0.47050129326271706,
            "threshold": 0.05610014870762825
          }
        },
        "tau20": 0.05610014870762825,
        "closed_map": 0.5298205813631949,
        "open_map": 0.5020059912228371
      }
    },
    "2": {
      "logsumexp": {
        "auroc": 0.6643317446848322,
        "tpr@osr": {
          "0.05": {
            "tpr": 0.16344377386377631,
            "threshold": 4.5634050369262695
          },
          "0.1": {
            "tpr": 0.29153836679394013,
            "threshold": 3.662480354309082
          },
          "0.2": {
            "tpr": 0.4538736297573593,
            "threshold": 2.5435309410095215
          }
        },
        "tau20": 2.5435309410095215,
        "closed_map": 0.3669112948150194,
        "open_map": 0.35716428101648834
      },
      "entropy": {
        "auroc": 0.6652907738969369,
        "tpr@osr": {
          "0.05": {
            "tpr": 0.2956029067619165,
            "threshold": 0.00032179371919482946
          },
          "0.1": {
            "tpr": 0.38305210001231677,
            "threshold": 0.00939944013953209
          },
          "0.2": {
            "tpr": 0.47604384776450304,
            "threshold": 0.07486077398061752
          }
        },
        "tau20": 0.07486077398061752,
        "closed_map": 0.5304562861384334,
        "open_map": 0.5016356446785779
      }
    },
    "3": {
      "logsumexp": {
        "auroc": 0.6834490055378173,
        "tpr@osr": {
          "0.05": {
            "tpr": 0.17822391920187214,
            "threshold": 5.506529331207275
          },
          "0.1": {
            "tpr": 0.3128464096563616,
            "threshold": 4.533425331115723
          },
          "0.2": {
            "tpr": 0.47382682596378867,
            "threshold": 3.3840551376342773
          }
        },
        "tau20": 3.3840551376342773,
        "closed_map": 0.4232101024692653,
        "open_map": 0.4162126579556467
      },
      "entropy": {
        "auroc": 0.6717456885321231,
        "tpr@osr": {
          "0.05": {
            "tpr": 0.2926468776942973,
            "threshold": 9.083847544388846e-05
          },
          "0.1": {
            "tpr": 0.3772632097548959,
            "threshold": 0.004705018829554319
          },
          "0.2": {
            "tpr": 0.4771523586648602,
            "threshold": 0.06402412801980972
          }
        },
        "tau20": 0.06402412801980972,
        "closed_map": 0.5318543463184358,
        "open_map": 0.5027955572947274
      }
    },
    "4": {
      "logsumexp": {
        "auroc": 0.675470110472112,
        "tpr@osr": {
          "0.05": {
            "tpr": 0.14878679640349796,
            "threshold": 7.698472023010254
          },
          "0.1": {
            "tpr": 0.25717452888286735,
            "threshold": 7.006227970123291
          },
          "0.2": {
            "tpr": 0.43231925113930286,
            "threshold": 5.937206745147705
          }
        },
        "tau20": 5.937206745147705,
        "closed_map": 0.4859001780563589,
        "open_map": 0.4730176834538541
      },
      "entropy": {
        "auroc": 0.673459639129961,
        "tpr@osr": {
          "0.05": {
            "tpr": 0.27121566695405835,
            "threshold": 3.6526394069369417e-06
          },
          "0.1": {
            "tpr": 0.3749230200763641,
            "threshold": 0.001467003021389246
          },
          "0.2": {
            "tpr": 0.45990885577041507,
            "threshold": 0.02560967206954956
          }
        },
        "tau20": 0.02560967206954956,
        "closed_map": 0.532048646967674,
        "open_map": 0.5030894420567206
      }
    },
    "5": {
      "logsumexp": {
        "auroc": 0.6945913313500147,
        "tpr@osr": {
          "0.05": {
            "tpr": 0.25545017859342284,
            "threshold": 9.874676704406738
          },
          "0.1": {
            "tpr": 0.34955043724596624,
            "threshold": 9.186378479003906
          },
          "0.2": {
            "tpr": 0.49291784702549574,
            "threshold": 8.128256797790527
          }
        },
        "tau20": 8.128256797790527,
        "closed_map": 0.49940116161300624,
        "open_map": 0.4837626503243027
      },
      "entropy": {
        "auroc": 0.6660667167233555,
        "tpr@osr": {
          "0.05": {
            "tpr": 0.26247074762901834,
            "threshold": 6.511166930067702e-07
          },
          "0.1": {
            "tpr": 0.3543539844808474,
            "threshold": 0.0005855453782714903
          },
          "0.2": {
            "tpr": 0.4447592067988669,
            "threshold": 0.020086953416466713
          }
        },
        "tau20": 0.020086953416466713,
        "closed_map": 0.5317021876914861,
        "open_map": 0.5034574198896057
      }
    }
  },
  "gmm per class": {
    "2": {
      "auroc": 0.7193063279865841,