{
  "baseline_closed_map": 0.5195755682615698,
  "softmax": {
    "auroc": 0.9763461350293543,
    "tpr@osr": {
      "0.05": {
        "tpr": 0.912,
        "threshold": 0.6385126113891602
      },
      "0.1": {
        "tpr": 0.9494285714285714,
        "threshold": 0.5704825520515442
      },
      "0.2": {
        "tpr": 0.9762857142857143,
        "threshold": 0.48460277915000916
      }
    },
    "tau20": 0.48460277915000916
  },
  "softmax lse entropy": {
    "logsumexp": {
      "auroc": 0.9751758806262231,
      "tpr@osr": {
        "0.05": {
          "tpr": 0.9008571428571429,
          "threshold": 0.703506350517273
        },
        "0.1": {
          "tpr": 0.9465714285714286,
          "threshold": 0.4716688394546509
        },
        "0.2": {
          "tpr": 0.976,
          "threshold": 0.1825333684682846
        }
      },
      "tau20": 0.1825333684682846,
      "closed_map": "error: unknown prune_mode 'softmax_logsumexp'",
      "open_map": "error: unknown prune_mode 'softmax_logsumexp'"
    },
    "entropy": {
      "auroc": 0.9886876223091977,
      "tpr@osr": {
        "0.05": {
          "tpr": 0.9745714285714285,
          "threshold": 0.2533756494522095
        },
        "0.1": {
          "tpr": 0.9814285714285714,
          "threshold": 0.3185696005821228
        },
        "0.2": {
          "tpr": 0.9862857142857143,
          "threshold": 0.3899904787540436
        }
      },
      "tau20": 0.3899904787540436,
      "closed_map": "error: unknown prune_mode 'softmax_entropy'",
      "open_map": "error: unknown prune_mode 'softmax_entropy'"
    }
  },
  "softmax temperature": {
    "auroc": 0.950007881201261,
    "tpr@osr": {
      "0.05": {
        "tpr": 0.8019744483159117,
        "threshold": 0.9964589476585388
      },
      "0.1": {
        "tpr": 0.8954703832752613,
        "threshold": 0.9772422313690186
      },
      "0.2": {
        "tpr": 0.9413472706155633,
        "threshold": 0.9202172756195068
      }
    },
    "tau20": 0.9202172756195068
  },
  "softmax temperature lse entropy": {
    "logsumexp": {
      "auroc": 0.9680097892815662,
      "tpr@osr": {
        "0.05": {
          "tpr": 0.874274099883856,
          "threshold": 4.414602756500244
        },
        "0.1": {
          "tpr": 0.9343786295005807,
          "threshold": 2.9158172607421875
        },
        "0.2": {
          "tpr": 0.9724157955865272,
          "threshold": 1.5592511892318726
        }
      },
      "tau20": 1.5592511892318726
    },
    "entropy": {
      "auroc": 0.9879782644765223,
      "tpr@osr": {
        "0.05": {
          "tpr": 0.9660278745644599,
          "threshold": 3.6443072986003244e-06
        },
        "0.1": {
          "tpr": 0.9828687572590011,
          "threshold": 3.680684312712401e-05
        },
        "0.2": {
          "tpr": 0.9898373983739838,
          "threshold": 0.00043470339733175933
        }
      },
      "tau20": 0.00043470339733175933
    }
  },
  "gmm": {
    "0": {
      "logsumexp": {
        "auroc": 0.9101956947162426,
        "tpr@osr": {
          "0.05": {
            "tpr": 0.7268571428571429,
            "threshold": 381.85772705078125
          },
          "0.1": {
            "tpr": 0.7877142857142857,
            "threshold": 367.3039245605469
          },
          "0.2": {
            "tpr": 0.8451428571428572,
            "threshold": 348.42950439453125
          }
        },
        "tau20": 348.42950439453125
      },
      "entropy": {
        "auroc": 0.7565971135029355,
        "tpr@osr": {
          "0.05": {
            "tpr": 0.0,
            "threshold": -Infinity
          },
          "0.1": {
            "tpr": 0.0,
            "threshold": -Infinity
          },
          "0.2": {
            "tpr": 0.0,
            "threshold": -Infinity
          }
        },
        "tau20": -Infinity
      }
    },
    "1": {
      "logsumexp": {
        "auroc": 0.9106029843444228,
        "tpr@osr": {
          "0.05": {
            "tpr": 0.7517142857142857,
            "threshold": 298.2919921875
          },
          "0.1": {
            "tpr": 0.8022857142857143,
            "threshold": 285.2206726074219
          },
          "0.2": {
            "tpr": 0.864,
            "threshold": 264.88824462890625
          }
        },
        "tau20": 264.88824462890625
      },
      "entropy": {
        "auroc": 0.8084267367906067,
        "tpr@osr": {
          "0.05": {
            "tpr": 0.0,
            "threshold": -Infinity
          },
          "0.1": {
            "tpr": 0.0,
            "threshold": -Infinity
          },
          "0.2": {
            "tpr": 0.9905714285714285,
            "threshold": -0.0
          }
        },
        "tau20": -0.0
      }
    },
    "2": {
      "logsumexp": {
        "auroc": 0.9354690557729941,
        "tpr@osr": {
          "0.05": {
            "tpr": 0.8082857142857143,
            "threshold": 387.3380126953125
          },
          "0.1": {
            "tpr": 0.8568571428571429,
            "threshold": 369.0277099609375
          },
          "0.2": {
            "tpr": 0.8934285714285715,
            "threshold": 343.1732177734375
          }
        },
        "tau20": 343.1732177734375
      },
      "entropy": {
        "auroc": 0.6666374755381604,
        "tpr@osr": {
          "0.05": {
            "tpr": 0.0,
            "threshold": -Infinity
          },
          "0.1": {
            "tpr": 0.0,
            "threshold": -Infinity
          },
          "0.2": {
            "tpr": 0.0,
            "threshold": -Infinity
          }
        },
        "tau20": -Infinity
      }
    },
    "3": {
      "logsumexp": {
        "auroc": 0.9466560665362034,
        "tpr@osr": {
          "0.05": {
            "tpr": 0.8408571428571429,
            "threshold": 470.1142578125
          },
          "0.1": {
            "tpr": 0.8825714285714286,
            "threshold": 446.2882385253906
          },
          "0.2": {
            "tpr": 0.9211428571428572,
            "threshold": 412.6048889160156
          }
        },
        "tau20": 412.6048889160156
      },
      "entropy": {
        "auroc": 0.6245295988258317,
        "tpr@osr": {
          "0.05": {
            "tpr": 0.0,
            "threshold": -Infinity
          },
          "0.1": {
            "tpr": 0.0,
            "threshold": -Infinity
          },
          "0.2": {
            "tpr": 0.0,
            "threshold": -Infinity
          }
        },
        "tau20": -Infinity
      }
    },
    "4": {
      "logsumexp": {
        "auroc": 0.9609420254403132,
        "tpr@osr": {
          "0.05": {
            "tpr": 0.8602857142857143,
            "threshold": 511.8929443359375
          },
          "0.1": {
            "tpr": 0.9057142857142857,
            "threshold": 488.2983703613281
          },
          "0.2": {
            "tpr": 0.9425714285714286,
            "threshold": 444.75250244140625
          }
        },
        "tau20": 444.75250244140625
      },
      "entropy": {
        "auroc": 0.5768828277886497,
        "tpr@osr": {
          "0.05": {
            "tpr": 0.0,
            "threshold": -Infinity
          },
          "0.1": {
            "tpr": 0.0,
            "threshold": -Infinity
          },
          "0.2": {
            "tpr": 0.0,
            "threshold": -Infinity
          }
        },
        "tau20": -Infinity
      }
    },
    "5": {
      "logsumexp": {
        "auroc": 0.9294230675146771,
        "tpr@osr": {
          "0.05": {
            "tpr": 0.7048571428571428,
            "threshold": 696.765625
          },
          "0.1": {
            "tpr": 0.8451428571428572,
            "threshold": 660.0830688476562
          },
          "0.2": {
            "tpr": 0.9142857142857143,
            "threshold": 614.3836669921875
          }
        },
        "tau20": 614.3836669921875
      },
      "entropy": {
        "auroc": 0.5603984833659491,