{
  "baseline_closed_map": 0.5195755682615698,
  "softmax": {
    "auroc": 0.8717536880385579,
    "tpr@osr": {
      "0.05": {
        "tpr": 0.7211597779148674,
        "threshold": 0.6385126113891602
      },
      "0.1": {
        "tpr": 0.7610528480361917,
        "threshold": 0.5696424245834351
      },
      "0.2": {
        "tpr": 0.8044417026526836,
        "threshold": 0.48328450322151184
      }
    },
    "tau20": 0.48328450322151184,
    "closed_map": 0.5195755682615698,
    "open_map": 0.5663731464759292
  },
  "softmax lse entropy": {
    "logsumexp": {
      "auroc": 0.8143626813033276,
      "tpr@osr": {
        "0.05": {
          "tpr": 0.6549455068887517,
          "threshold": 0.703506350517273
        },
        "0.1": {
          "tpr": 0.6915484268969772,
          "threshold": 0.4716688394546509
        },
        "0.2": {
          "tpr": 0.7242442936458976,
          "threshold": 0.18841087818145752
        }
      },
      "tau20": 0.18841087818145752,
      "closed_map": 0.49236854609685593,
      "open_map": 0.5641999862054501
    },
    "entropy": {
      "auroc": 0.9101875991199976,
      "tpr@osr": {
        "0.05": {
          "tpr": 0.796421961752005,
          "threshold": 0.2533756494522095
        },
        "0.1": {
          "tpr": 0.8221262595105902,
          "threshold": 0.3185696005821228
        },
        "0.2": {
          "tpr": 0.8465967509767633,
          "threshold": 0.39612340927124023
        }
      },
      "tau20": 0.39612340927124023,
      "closed_map": 0.5199547891596861,
      "open_map": 0.5692933536908799
    }
  },
  "softmax temperature": {
    "auroc": 0.9161162815386249,
    "tpr@osr": {
      "0.05": {
        "tpr": 0.7428783750309635,
        "threshold": 0.9964589476585388
      },
      "0.1": {
        "tpr": 0.8347783007183552,
        "threshold": 0.9772422313690186
      },
      "0.2": {
        "tpr": 0.8848154570225415,
        "threshold": 0.9202172756195068
      }
    },
    "tau20": 0.9202172756195068,
    "closed_map": 0.5151258455684338,
    "open_map": 0.5746146513871697
  },
  "softmax temperature lse entropy": {
    "logsumexp": {
      "auroc": 0.8705736225627234,
      "tpr@osr": {
        "0.05": {
          "tpr": 0.7478325489224672,
          "threshold": 4.414602756500244
        },
        "0.1": {
          "tpr": 0.8005945008669805,
          "threshold": 2.9158172607421875
        },
        "0.2": {
          "tpr": 0.8370076789695319,
          "threshold": 1.5592511892318726
        }
      },
      "tau20": 1.5592511892318726,
      "closed_map": 0.6104541370093405,
      "open_map": 0.6718071254103511
    },
    "entropy": {
      "auroc": 0.9390509218302134,
      "tpr@osr": {
        "0.05": {
          "tpr": 0.8687143918751549,
          "threshold": 3.6443072986003244e-06
        },
        "0.1": {
          "tpr": 0.8976963091404508,
          "threshold": 3.680684312712401e-05
        },
        "0.2": {
          "tpr": 0.9110725786475106,
          "threshold": 0.00043470339733175933
        }
      },
      "tau20": 0.00043470339733175933,
      "closed_map": "error: need at least one array to concatenate",
      "open_map": "error: need at least one array to concatenate"
    }
  },
  "gmm": {
    "0": {
      "logsumexp": {
        "auroc": 0.8279623674996267,
        "tpr@osr": {
          "0.05": {
            "tpr": 0.5537733909109603,
            "threshold": 383.9918518066406
          },
          "0.1": {
            "tpr": 0.6259510590170676,
            "threshold": 368.48590087890625
          },
          "0.2": {
            "tpr": 0.697511823976969,
            "threshold": 349.4694519042969
          }
        },
        "tau20": 349.4694519042969
      },
      "entropy": {
        "auroc": 0.7443921496961963,
        "tpr@osr": {
          "0.05": {
            "tpr": 0.0,
            "threshold": -Infinity
          },
          "0.1": {
            "tpr": 0.0,
            "threshold": -Infinity
          },
          "0.2": {
            "tpr": 0.0,
            "threshold": -Infinity
          }
        },
        "tau20": -Infinity
      }
    },
    "1": {
      "logsumexp": {
        "auroc": 0.838846112946797,
        "tpr@osr": {
          "0.05": {
            "tpr": 0.6134073617108781,
            "threshold": 292.7835388183594
          },
          "0.1": {
            "tpr": 0.6611145383508122,
            "threshold": 280.85498046875
          },
          "0.2": {
            "tpr": 0.738844334772774,
            "threshold": 260.7791442871094
          }
        },
        "tau20": 260.7791442871094
      },
      "entropy": {
        "auroc": 0.7884062701585075,
        "tpr@osr": {
          "0.05": {
            "tpr": 0.0,
            "threshold": -Infinity
          },
          "0.1": {
            "tpr": 0.0,
            "threshold": -Infinity
          },
          "0.2": {
            "tpr": 0.910754678182192,
            "threshold": -0.0
          }
        },
        "tau20": -0.0
      }
    },
    "2": {
      "logsumexp": {
        "auroc": 0.8236083059388899,
        "tpr@osr": {
          "0.05": {
            "tpr": 0.6064157927205429,
            "threshold": 390.3837890625
          },
          "0.1": {
            "tpr": 0.657413119473576,
            "threshold": 373.3532409667969
          },
          "0.2": {
            "tpr": 0.7145794776886696,
            "threshold": 347.2825012207031
          }
        },
        "tau20": 347.2825012207031
      },
      "entropy": {
        "auroc": 0.6459686330102339,
        "tpr@osr": {
          "0.05": {
            "tpr": 0.0,
            "threshold": -Infinity
          },
          "0.1": {
            "tpr": 0.0,
            "threshold": -Infinity
          },
          "0.2": {
            "tpr": 0.0,
            "threshold": -Infinity
          }
        },
        "tau20": -Infinity
      }
    },
    "3": {
      "logsumexp": {
        "auroc": 0.8349671407525092,
        "tpr@osr": {
          "0.05": {
            "tpr": 0.6448694221673864,
            "threshold": 468.6089172363281
          },
          "0.1": {
            "tpr": 0.69422167386387,
            "threshold": 444.15625
          },
          "0.2": {
            "tpr": 0.7542669134279252,
            "threshold": 408.9045104980469
          }
        },
        "tau20": 408.9045104980469
      },
      "entropy": {
        "auroc": 0.6151358877067259,
        "tpr@osr": {
          "0.05": {
            "tpr": 0.0,
            "threshold": -Infinity
          },
          "0.1": {
            "tpr": 0.0,
            "threshold": -Infinity
          },
          "0.2": {
            "tpr": 0.0,
            "threshold": -Infinity
          }
        },
        "tau20": -Infinity
      }
    },
    "4": {
      "logsumexp": {
        "auroc": 0.8448537002921136,
        "tpr@osr": {
          "0.05": {
            "tpr": 0.649599012954966,
            "threshold": 516.25390625
          },
          "0.1": {
            "tpr": 0.7055315648776476,
            "threshold": 490.16851806640625
          },
          "0.2": {
            "tpr": 0.7581739666872301,
            "threshold": 449.1037292480469
          }
        },
        "tau20": 449.1037292480469
      },
      "entropy": {
        "auroc": 0.5782320865692578,
        "tpr@osr": {
          "0.05": {
            "tpr": 0.0,
            "threshold": -Infinity
          },
          "0.1": {
            "tpr": 0.0,
            "threshold": -Infinity
          },
          "0.2": {
            "tpr": 0.0,
            "threshold": -Infinity
          }
        },
        "tau20": -Infinity
      }
    },
    "5": {
      "logsumexp": {
        "auroc": 0.8414969126673596,
        "tpr@osr": {
          "0.05": {
            "tpr": 0.5379395434916718,
            "threshold": 695.0387573242188
          },
          "0.1": {
            "tpr": 0.6670779354308041,