{
  "softmax temperature lse entropy": {
    "entropy": {
      "auroc": 0.41878251636271124,
      "tpr@osr": {
        "0.05": {
          "tpr": 0.025577747624073235,
          "threshold": 0.0006998367025516927
        },
        "0.1": {
          "tpr": 0.05106027302327919,
          "threshold": 0.002316715894266963
        },
        "0.2": {
          "tpr": 0.12088725953081894,
          "threshold": 0.0074831414967775345
        }
      },
      "tau20": 0.0074831414967775345,
      "closed_map": -1.0,
      "open_map": -1.0
    }
  }
}