{
  "baseline_closed_map": 0.5419115276497216,
  "softmax": {
    "auroc": 0.9359578828773195,
    "tpr@osr": {
      "0.05": {
        "tpr": 0.5774962742175856,
        "threshold": 0.8428661823272705
      },
      "0.1": {
        "tpr": 0.791852955787382,
        "threshold": 0.8095466494560242
      },
      "0.2": {
        "tpr": 0.9570293094883259,
        "threshold": 0.7149854898452759
      }
    },
    "tau20": 0.7149854898452759,
    "closed_map": 0.541746754435633,
    "open_map": 0.5268916539750561
  },
  "softmax lse entropy": {
    "logsumexp": {
      "auroc": 0.9458174833197476,
      "tpr@osr": {
        "0.05": {
          "tpr": 0.6254346746150025,
          "threshold": 1.6380752325057983
        },
        "0.1": {
          "tpr": 0.8323397913561847,
          "threshold": 1.3981887102127075
        },
        "0.2": {
          "tpr": 0.9687034277198212,
          "threshold": 0.8539826273918152
        }
      },
      "tau20": 0.8539826273918152,
      "closed_map": 0.5294418309913084,
      "open_map": 0.5398555167551359
    },
    "entropy": {
      "auroc": 0.9859598727058649,
      "tpr@osr": {
        "0.05": {
          "tpr": 0.9254843517138599,
          "threshold": 0.054839570075273514
        },
        "0.1": {
          "tpr": 0.9711872826626925,
          "threshold": 0.08488978445529938
        },
        "0.2": {
          "tpr": 0.9932935916542474,
          "threshold": 0.17035283148288727
        }
      },
      "tau20": 0.17035283148288727,
      "closed_map": 0.5227142774104371,
      "open_map": 0.5316389509537048
    }
  },
  "softmax temperature": {
    "error": "need at least one array to concatenate"
  },
  "softmax temperature lse entropy": {
    "logsumexp": {
      "auroc": 0.90079981533845,
      "tpr@osr": {
        "0.05": {
          "tpr": 0.46786696674168543,
          "threshold": 8.810860633850098
        },
        "0.1": {
          "tpr": 0.6399099774943736,
          "threshold": 8.021424293518066
        },
        "0.2": {
          "tpr": 0.8454613653413353,
          "threshold": 6.795035362243652
        }
      },
      "tau20": 6.795035362243652,
      "closed_map": "error: need at least one array to concatenate",
      "open_map": "error: need at least one array to concatenate"
    },
    "entropy": {
      "auroc": 0.9760813280243139,
      "tpr@osr": {
        "0.05": {
          "tpr": 0.8669667416854213,
          "threshold": 5.671041969357304e-10
        },
        "0.1": {
          "tpr": 0.9339834958739685,
          "threshold": 3.3001006372046504e-09
        },
        "0.2": {
          "tpr": 0.9749937484371093,
          "threshold": 3.682501770185809e-08
        }
      },
      "tau20": 3.682501770185809e-08,
      "closed_map": "error: need at least one array to concatenate",
      "open_map": "error: need at least one array to concatenate"
    }
  },
  "gmm": {
    "0": {
      "logsumexp": {
        "auroc": 0.9491705159556802,
        "tpr@osr": {
          "0.05": {
            "tpr": 0.8055141579731744,
            "threshold": 405.63775634765625
          },
          "0.1": {
            "tpr": 0.8546944858420268,
            "threshold": 389.90875244140625
          },
          "0.2": {
            "tpr": 0.9103328365623448,
            "threshold": 357.2405700683594
          }
        },
        "tau20": 357.2405700683594
      },
      "entropy": {
        "auroc": 0.593095329254871,
        "tpr@osr": {
          "0.05": {
            "tpr": 0.0,
            "threshold": -Infinity
          },
          "0.1": {
            "tpr": 0.0,
            "threshold": -Infinity
          },
          "0.2": {
            "tpr": 0.0,
            "threshold": -Infinity
          }
        },
        "tau20": -Infinity
      }
    },
    "1": {
      "logsumexp": {
        "auroc": 0.9599943255579069,
        "tpr@osr": {
          "0.05": {
            "tpr": 0.8462493790362643,
            "threshold": 348.1052551269531
          },
          "0.1": {
            "tpr": 0.8961748633879781,
            "threshold": 323.5171203613281
          },
          "0.2": {
            "tpr": 0.934923000496771,
            "threshold": 287.6744384765625
          }
        },
        "tau20": 287.6744384765625
      },
      "entropy": {
        "auroc": 0.6437433272128952,
        "tpr@osr": {
          "0.05": {
            "tpr": 0.0,
            "threshold": -Infinity
          },
          "0.1": {
            "tpr": 0.0,
            "threshold": -Infinity
          },
          "0.2": {
            "tpr": 0.0,
            "threshold": -Infinity
          }
        },
        "tau20": -Infinity
      }
    },
    "2": {
      "logsumexp": {
        "auroc": 0.9590644237868221,
        "tpr@osr": {
          "0.05": {
            "tpr": 0.8378042722305017,
            "threshold": 403.40228271484375
          },
          "0.1": {
            "tpr": 0.8869846000993542,
            "threshold": 379.611083984375
          },
          "0.2": {
            "tpr": 0.9354197714853453,
            "threshold": 335.8135986328125
          }
        },
        "tau20": 335.8135986328125
      },
      "entropy": {
        "auroc": 0.6212188111529204,
        "tpr@osr": {
          "0.05": {
            "tpr": 0.0,
            "threshold": -Infinity
          },
          "0.1": {
            "tpr": 0.0,
            "threshold": -Infinity
          },
          "0.2": {
            "tpr": 0.0,
            "threshold": -Infinity
          }
        },
        "tau20": -Infinity
      }
    },
    "3": {
      "logsumexp": {
        "auroc": 0.9776300387261805,
        "tpr@osr": {
          "0.05": {
            "tpr": 0.908842523596622,
            "threshold": 510.0887756347656
          },
          "0.1": {
            "tpr": 0.9416294088425236,
            "threshold": 479.85443115234375
          },
          "0.2": {
            "tpr": 0.9677098857426726,
            "threshold": 424.9007568359375
          }
        },
        "tau20": 424.9007568359375,
        "closed_map": "error: need at least one array to concatenate",
        "open_map": "error: need at least one array to concatenate"
      },
      "entropy": {
        "auroc": 0.5361279960642563,
        "tpr@osr": {
          "0.05": {
            "tpr": 0.0,
            "threshold": -Infinity
          },
          "0.1": {
            "tpr": 0.0,
            "threshold": -Infinity
          },
          "0.2": {
            "tpr": 0.0,
            "threshold": -Infinity
          }
        },
        "tau20": -Infinity
      }
    },
    "4": {
      "logsumexp": {
        "auroc": 0.9679635888822106,
        "tpr@osr": {
          "0.05": {
            "tpr": 0.8564331843020367,
            "threshold": 575.6327514648438
          },
          "0.1": {
            "tpr": 0.9297069051167411,
            "threshold": 532.2850952148438
          },
          "0.2": {
            "tpr": 0.9677098857426726,
            "threshold": 467.05828857421875
          }
        },
        "tau20": 467.05828857421875
      },
      "entropy": {
        "auroc": 0.5172651933701657,
        "tpr@osr": {
          "0.05": {
            "tpr": 0.0,
            "threshold": -Infinity
          },
          "0.1": {
            "tpr": 0.0,
            "threshold": -Infinity
          },
          "0.2": {
            "tpr": 0.0,
            "threshold": -Infinity
          }
        },
        "tau20": -Infinity
      }
    },
    "5": {
      "logsumexp": {
        "auroc": 0.915395320609409,
        "tpr@osr": {
          "0.05": {
            "tpr": 0.3700943864878291,
            "threshold": 760.203369140625
          },
          "0.1": {
            "tpr": 0.7878787878787878,
            "threshold": 711.5025024414062
          },
          "0.2": {
            "tpr": 0.9227521112767014,
            "threshold": 643.8319091796875
          }
        },
        "tau20": 643.8319091796875
      },