{
  "baseline_closed_map": 0.5419115276497216,
  "softmax": {
    "auroc": 0.6665321476292463,
    "tpr@osr": {
      "0.05": {
        "tpr": 0.6372363865281713,
        "threshold": 0.1116204708814621
      },
      "0.1": {
        "tpr": 0.6429021089077747,
        "threshold": 0.07389728724956512
      },
      "0.2": {
        "tpr": 0.6463644948064211,
        "threshold": 0.04513620585203171
      }
    },
    "tau20": 0.04513620585203171,
    "closed_map": 0.5419115276497216,
    "open_map": 0.5267626084136243
  },
  "softmax lse entropy": {
    "logsumexp": {
      "auroc": 0.6664186328714552,
      "tpr@osr": {
        "0.05": {
          "tpr": 0.6416430594900849,
          "threshold": -1.9269957542419434
        },
        "0.1": {
          "tpr": 0.6435316336166195,
          "threshold": -2.3917500972747803
        },
        "0.2": {
          "tpr": 0.646994019515266,
          "threshold": -2.935810089111328
        }
      },
      "tau20": -2.935810089111328,
      "closed_map": 0.5411993405750382,
      "open_map": 0.5266265838923202
    },
    "entropy": {
      "auroc": 0.762023153492111,
      "tpr@osr": {
        "0.05": {
          "tpr": 0.6510859301227573,
          "threshold": 0.3775424063205719
        },
        "0.1": {
          "tpr": 0.6619452313503305,
          "threshold": 0.4384812116622925
        },
        "0.2": {
          "tpr": 0.6784702549575071,
          "threshold": 0.5067654252052307
        }
      },
      "tau20": 0.5067654252052307,
      "closed_map": 0.5417472649388034,
      "open_map": 0.5269633645506236
    }
  },
  "softmax temperature": {
    "auroc": 0.6665321227249545,
    "tpr@osr": {
      "0.05": {
        "tpr": 0.6372363865281713,
        "threshold": 3.573652065824717e-05
      },
      "0.1": {
        "tpr": 0.6429021089077747,
        "threshold": 3.8002308428986e-06
      },
      "0.2": {
        "tpr": 0.6463644948064211,
        "threshold": 2.8666315188274893e-07
      }
    },
    "tau20": 2.8666315188274893e-07,
    "closed_map": 0.5419115276497216,
    "open_map": 0.5267626084136243
  },
  "softmax temperature lse entropy": {
    "logsumexp": {
      "auroc": 0.6685735992408789,
      "tpr@osr": {
        "0.05": {
          "tpr": 0.6413282971356625,
          "threshold": -10.7783842086792
        },
        "0.1": {
          "tpr": 0.6432168712621971,
          "threshold": -13.048240661621094
        },
        "0.2": {
          "tpr": 0.6471514006924772,
          "threshold": -15.904417037963867
        }
      },
      "tau20": -15.904417037963867,
      "closed_map": 0.5419115276497216,
      "open_map": 0.5267626084136243
    },
    "entropy": {
      "auroc": 0.7620231624576561,
      "tpr@osr": {
        "0.05": {
          "tpr": 0.6510859301227573,
          "threshold": 0.0007259220583364367
        },
        "0.1": {
          "tpr": 0.6619452313503305,
          "threshold": 0.002499711699783802
        },
        "0.2": {
          "tpr": 0.6784702549575071,
          "threshold": 0.009471363388001919
        }
      },
      "tau20": 0.009471363388001919,
      "closed_map": "error: need at least one array to concatenate",
      "open_map": "error: need at least one array to concatenate"
    }
  },
  "gmm": {
    "0": {
      "logsumexp": {
        "auroc": 0.8015054413227573,
        "tpr@osr": {
          "0.05": {
            "tpr": 0.6375511488825937,
            "threshold": 120.636474609375
          },
          "0.1": {
            "tpr": 0.6578533207428392,
            "threshold": 52.240966796875
          },
          "0.2": {
            "tpr": 0.7028643374252439,
            "threshold": -22.231689453125
          }
        },
        "tau20": -22.231689453125,
        "closed_map": 0.514007356002741,
        "open_map": 0.5505170078820169
      },
      "entropy": {
        "auroc": 0.6128882186088047,
        "tpr@osr": {
          "0.05": {
            "tpr": 0.0,
            "threshold": -Infinity
          },
          "0.1": {
            "tpr": 0.0,
            "threshold": -Infinity
          },
          "0.2": {
            "tpr": 0.0,
            "threshold": -Infinity
          }
        },
        "tau20": -Infinity
      }
    },
    "1": {
      "logsumexp": {
        "auroc": 0.8121801120933005,
        "tpr@osr": {
          "0.05": {
            "tpr": 0.6369216241737489,
            "threshold": 186.26361083984375
          },
          "0.1": {
            "tpr": 0.652344979540447,
            "threshold": 113.14617919921875
          },
          "0.2": {
            "tpr": 0.6835064526282657,
            "threshold": 7.09344482421875
          }
        },
        "tau20": 7.09344482421875,
        "closed_map": 0.5284045456291918,
        "open_map": 0.5677644189261205
      },
      "entropy": {
        "auroc": 0.5480399244565568,
        "tpr@osr": {
          "0.05": {
            "tpr": 0.0,
            "threshold": -Infinity
          },
          "0.1": {
            "tpr": 0.0,
            "threshold": -Infinity
          },
          "0.2": {
            "tpr": 0.0,
            "threshold": -Infinity
          }
        },
        "tau20": -Infinity
      }
    },
    "2": {
      "logsumexp": {
        "auroc": 0.7965001638244156,
        "tpr@osr": {
          "0.05": {
            "tpr": 0.6274787535410765,
            "threshold": 247.51702880859375
          },
          "0.1": {
            "tpr": 0.6406987724268177,
            "threshold": 191.41351318359375
          },
          "0.2": {
            "tpr": 0.6679257160843564,
            "threshold": 114.24127197265625
          }
        },
        "tau20": 114.24127197265625
      },
      "entropy": {
        "auroc": 0.6322483348303203,
        "tpr@osr": {
          "0.05": {
            "tpr": 0.0,
            "threshold": -Infinity
          },
          "0.1": {
            "tpr": 0.0,
            "threshold": -Infinity
          },
          "0.2": {
            "tpr": 0.0,
            "threshold": -Infinity
          }
        },
        "tau20": -Infinity
      }
    },
    "3": {
      "logsumexp": {
        "auroc": 0.799843367744649,
        "tpr@osr": {
          "0.05": {
            "tpr": 0.6402266288951841,
            "threshold": 177.55560302734375
          },
          "0.1": {
            "tpr": 0.6480956877557444,
            "threshold": 15.8912353515625
          },
          "0.2": {
            "tpr": 0.6688700031476236,
            "threshold": -171.6336669921875
          }
        },
        "tau20": -171.6336669921875
      },
      "entropy": {
        "auroc": 0.5390679750528808,
        "tpr@osr": {
          "0.05": {
            "tpr": 0.0,
            "threshold": -Infinity
          },
          "0.1": {
            "tpr": 0.0,
            "threshold": -Infinity
          },
          "0.2": {
            "tpr": 0.0,
            "threshold": -Infinity
          }
        },
        "tau20": -Infinity
      }
    },
    "4": {
      "logsumexp": {
        "auroc": 0.7423665895322975,
        "tpr@osr": {
          "0.05": {
            "tpr": 0.6331444759206799,
            "threshold": 333.53271484375
          },
          "0.1": {
            "tpr": 0.6432168712621971,
            "threshold": 210.88934326171875
          },
          "0.2": {
            "tpr": 0.6613157066414856,
            "threshold": 35.30914306640625
          }
        },
        "tau20": 35.30914306640625
      },
      "entropy": {
        "auroc": 0.5097496905103822,
        "tpr@osr": {
          "0.05": {
            "tpr": 0.0,
            "threshold": -Infinity
          },
          "0.1": {
            "tpr": 0.0,
            "threshold": -Infinity
          },
          "0.2": {
            "tpr": 0.0,
            "threshold": -Infinity
          }
        },
        "tau20": -Infinity
      }
    },
    "5": {
      "logsumexp": {
        "auroc": 0.6743254008143528,