{
  "baseline_closed_map": 0.5195755682615698,
  "softmax": {
    "auroc": 0.1268931386049275,
    "tpr@osr": {
      "0.05": {
        "tpr": 0.016851688739707403,
        "threshold": 0.0903576985001564
      },
      "0.1": {
        "tpr": 0.024051546964394824,
        "threshold": 0.05716169252991676
      },
      "0.2": {
        "tpr": 0.03951986838172474,
        "threshold": 0.0336773656308651
      }
    },
    "tau20": 0.0336773656308651,
    "closed_map": 0.5195755682615698,
    "open_map": 0.5663731464759292
  },
  "softmax lse entropy": {
    "logsumexp": {
      "auroc": 0.12080807076404976,
      "tpr@osr": {
        "0.05": {
          "tpr": 0.016827883183490582,
          "threshold": -2.2749524116516113
        },
        "0.1": {
          "tpr": 0.02292475063679863,
          "threshold": -2.718357801437378
        },
        "0.2": {
          "tpr": 0.035327445425762376,
          "threshold": -3.2118515968322754
        }
      },
      "tau20": -3.2118515968322754
    },
    "entropy": {
      "auroc": 0.41878251455918636,
      "tpr@osr": {
        "0.05": {
          "tpr": 0.025577747624073235,
          "threshold": 0.3918874263763428
        },
        "0.1": {
          "tpr": 0.05106027302327919,
          "threshold": 0.44905248284339905
        },
        "0.2": {
          "tpr": 0.12088725953081894,
          "threshold": 0.5067408680915833
        }
      },
      "tau20": 0.5067408680915833
    }
  },
  "softmax temperature": {
    "auroc": 0.12689313886836376,
    "tpr@osr": {
      "0.05": {
        "tpr": 0.016851688739707403,
        "threshold": 7.101476057869149e-06
      },
      "0.1": {
        "tpr": 0.024051546964394824,
        "threshold": 5.630437840409286e-07
      },
      "0.2": {
        "tpr": 0.03951986838172474,
        "threshold": 3.281913762975819e-08
      }
    },
    "tau20": 3.281913762975819e-08
  },
  "softmax temperature lse entropy": {
    "logsumexp": {
      "auroc": 0.12725560593613655,
      "tpr@osr": {
        "0.05": {
          "tpr": 0.016851688739707403,
          "threshold": -13.020009994506836
        },
        "0.1": {
          "tpr": 0.022805722855714524,
          "threshold": -15.287298202514648
        },
        "0.2": {
          "tpr": 0.03585910284793804,
          "threshold": -17.990657806396484
        }
      },
      "tau20": -17.990657806396484
    },
    "entropy": {
      "auroc": 0.41878251636271124,
      "tpr@osr": {
        "0.05": {
          "tpr": 0.025577747624073235,
          "threshold": 0.0006998367025516927
        },
        "0.1": {
          "tpr": 0.05106027302327919,
          "threshold": 0.002316715894266963
        },
        "0.2": {
          "tpr": 0.12088725953081894,
          "threshold": 0.0074831414967775345
        }
      },
      "tau20": 0.0074831414967775345
    }
  },
  "gmm": {
    "0": {
      "logsumexp": {
        "auroc": 0.4135008575727747,
        "tpr@osr": {
          "0.05": {
            "tpr": 0.05267905084602302,
            "threshold": 260.89312744140625
          },
          "0.1": {
            "tpr": 0.0931775920944393,
            "threshold": 219.86810302734375
          },
          "0.2": {
            "tpr": 0.16616542745521248,
            "threshold": 165.486328125
          }
        },
        "tau20": 165.486328125
      },
      "entropy": {
        "auroc": 0.6312226098589798,
        "tpr@osr": {
          "0.05": {
            "tpr": 0.0,
            "threshold": -Infinity
          },
          "0.1": {
            "tpr": 0.0,
            "threshold": -Infinity
          },
          "0.2": {
            "tpr": 0.45709048491918014,
            "threshold": -0.0
          }
        },
        "tau20": -0.0
      }
    },
    "1": {
      "logsumexp": {
        "auroc": 0.3938747563800974,
        "tpr@osr": {
          "0.05": {
            "tpr": 0.0434477851575002,
            "threshold": 245.08865356445312
          },
          "0.1": {
            "tpr": 0.07882284169569621,
            "threshold": 218.3555908203125
          },
          "0.2": {
            "tpr": 0.14579316145721744,
            "threshold": 184.80838012695312
          }
        },
        "tau20": 184.80838012695312
      },
      "entropy": {
        "auroc": 0.5484943476454281,
        "tpr@osr": {
          "0.05": {
            "tpr": 0.0,
            "threshold": -Infinity
          },
          "0.1": {
            "tpr": 0.0,
            "threshold": -Infinity
          },
          "0.2": {
            "tpr": 0.0,
            "threshold": -Infinity
          }
        },
        "tau20": -Infinity
      }
    },
    "2": {
      "logsumexp": {
        "auroc": 0.3788182900810966,
        "tpr@osr": {
          "0.05": {
            "tpr": 0.03062188048023742,
            "threshold": 287.1691589355469
          },
          "0.1": {
            "tpr": 0.05094389030399695,
            "threshold": 244.76376342773438
          },
          "0.2": {
            "tpr": 0.10447994117382553,
            "threshold": 184.49798583984375
          }
        },
        "tau20": 184.49798583984375
      },
      "entropy": {
        "auroc": 0.5571042816943105,
        "tpr@osr": {
          "0.05": {
            "tpr": 0.0,
            "threshold": -Infinity
          },
          "0.1": {
            "tpr": 0.0,
            "threshold": -Infinity
          },
          "0.2": {
            "tpr": 0.0,
            "threshold": -Infinity
          }
        },
        "tau20": -Infinity
      }
    },
    "3": {
      "logsumexp": {
        "auroc": 0.22204434692265643,
        "tpr@osr": {
          "0.05": {
            "tpr": 0.019102636333097923,
            "threshold": 372.7016906738281
          },
          "0.1": {
            "tpr": 0.030185445282929036,
            "threshold": 323.41046142578125
          },
          "0.2": {
            "tpr": 0.050544485971914736,
            "threshold": 265.705322265625
          }
        },
        "tau20": 265.705322265625
      },
      "entropy": {
        "auroc": 0.6320429079886097,
        "tpr@osr": {
          "0.05": {
            "tpr": 0.0,
            "threshold": -Infinity
          },
          "0.1": {
            "tpr": 0.0,
            "threshold": -Infinity
          },
          "0.2": {
            "tpr": 0.0,
            "threshold": -Infinity
          }
        },
        "tau20": -Infinity
      }
    },
    "4": {
      "logsumexp": {
        "auroc": 0.24069977440852153,
        "tpr@osr": {
          "0.05": {
            "tpr": 0.026820926670951668,
            "threshold": 309.990966796875
          },
          "0.1": {
            "tpr": 0.03937703504442381,
            "threshold": 218.825927734375
          },
          "0.2": {
            "tpr": 0.06267473939528598,
            "threshold": 96.270751953125
          }
        },
        "tau20": 96.270751953125
      },
      "entropy": {
        "auroc": 0.5188883896707601,
        "tpr@osr": {
          "0.05": {
            "tpr": 0.0,
            "threshold": -Infinity
          },
          "0.1": {
            "tpr": 0.0,
            "threshold": -Infinity
          },
          "0.2": {
            "tpr": 0.0,
            "threshold": -Infinity
          }
        },
        "tau20": -Infinity
      }
    },
    "5": {
      "logsumexp": {
        "auroc": 0.2068499819736996,
        "tpr@osr": {
          "0.05": {
            "tpr": 0.021329778370271623,
            "threshold": 574.5867919921875
          },
          "0.1": {
            "tpr": 0.03516609665584836,
            "threshold": 491.05029296875
          },
          "0.2": {
            "tpr": 0.06167755109598136,
            "threshold": 355.5013427734375
          }
        },
        "tau20": 355.5013427734375
      },
      "entropy": {
        "auroc": 0.5056800231366,
        "tpr@osr": {
          "0.05": {
            "tpr": 0.0,
            "threshold": -Infinity
          },