{
  "baseline_closed_map": 0.5419115276497216,
  "softmax": {
    "auroc": 0.9359578828773195,
    "tpr@osr": {
      "0.05": {
        "tpr": 0.5774962742175856,
        "threshold": 0.8428661823272705
      },
      "0.1": {
        "tpr": 0.791852955787382,
        "threshold": 0.8095466494560242
      },
      "0.2": {
        "tpr": 0.9570293094883259,
        "threshold": 0.7149854898452759
      }
    },
    "tau20": 0.7149854898452759,
    "closed_map": 0.541746754435633,
    "open_map": 0.5268916539750561
  },
  "softmax lse entropy": {
    "logsumexp": {
      "auroc": 0.9458174833197476,
      "tpr@osr": {
        "0.05": {
          "tpr": 0.6254346746150025,
          "threshold": 1.6380752325057983
        },
        "0.1": {
          "tpr": 0.8323397913561847,
          "threshold": 1.3981887102127075
        },
        "0.2": {
          "tpr": 0.9687034277198212,
          "threshold": 0.8539826273918152
        }
      },
      "tau20": 0.8539826273918152,
      "closed_map": 0.5294418309913084,
      "open_map": 0.5398555167551359
    },
    "entropy": {
      "auroc": 0.9859598727058649,
      "tpr@osr": {
        "0.05": {
          "tpr": 0.9254843517138599,
          "threshold": 0.054839570075273514
        },
        "0.1": {
          "tpr": 0.9711872826626925,
          "threshold": 0.08488978445529938
        },
        "0.2": {
          "tpr": 0.9932935916542474,
          "threshold": 0.17035283148288727
        }
      },
      "tau20": 0.17035283148288727,
      "closed_map": 0.5227142774104371,
      "open_map": 0.5316389509537048
    }
  },
  "softmax temperature": {
    "auroc": 0.8662148229365033,
    "tpr@osr": {
      "0.05": {
        "tpr": 0.339584896224056,
        "threshold": 0.999910831451416
      },
      "0.1": {
        "tpr": 0.5511377844461115,
        "threshold": 0.9997805953025818
      },
      "0.2": {
        "tpr": 0.754688672168042,
        "threshold": 0.999373733997345
      }
    },
    "tau20": 0.999373733997345,
    "closed_map": 0.5430256663629278,
    "open_map": 0.5272638928873686
  },
  "softmax temperature lse entropy": {
    "logsumexp": {
      "auroc": 0.90079981533845,
      "tpr@osr": {
        "0.05": {
          "tpr": 0.46786696674168543,
          "threshold": 8.810860633850098
        },
        "0.1": {
          "tpr": 0.6399099774943736,
          "threshold": 8.021424293518066
        },
        "0.2": {
          "tpr": 0.8454613653413353,
          "threshold": 6.795035362243652
        }
      },
      "tau20": 6.795035362243652,
      "closed_map": 0.6017764967212357,
      "open_map": 0.5866291109564019
    },
    "entropy": {
      "auroc": 0.9760813280243139,
      "tpr@osr": {
        "0.05": {
          "tpr": 0.8669667416854213,
          "threshold": 5.671041969357304e-10
        },
        "0.1": {
          "tpr": 0.9339834958739685,
          "threshold": 3.3001006372046504e-09
        },
        "0.2": {
          "tpr": 0.9749937484371093,
          "threshold": 3.682501770185809e-08
        }
      },
      "tau20": 3.682501770185809e-08,
      "closed_map": 0.5403905074876904,
      "open_map": 0.5542673604256043
    }
  },
  "gmm": {
    "0": {
      "logsumexp": {
        "auroc": 0.9480565550441469,
        "tpr@osr": {
          "0.05": {
            "tpr": 0.8070044709388972,
            "threshold": 403.86663818359375
          },
          "0.1": {
            "tpr": 0.8534525583705912,
            "threshold": 387.9310302734375
          },
          "0.2": {
            "tpr": 0.9100844510680576,
            "threshold": 353.80340576171875
          }
        },
        "tau20": 353.80340576171875
      },
      "entropy": {
        "auroc": 0.5886990089281549,
        "tpr@osr": {
          "0.05": {
            "tpr": 0.0,
            "threshold": -Infinity
          },
          "0.1": {
            "tpr": 0.0,
            "threshold": -Infinity
          },
          "0.2": {
            "tpr": 0.0,
            "threshold": -Infinity
          }
        },
        "tau20": -Infinity
      }
    },
    "1": {
      "logsumexp": {
        "auroc": 0.9599478390461997,
        "tpr@osr": {
          "0.05": {
            "tpr": 0.8482364629905613,
            "threshold": 347.55181884765625
          },
          "0.1": {
            "tpr": 0.8939393939393939,
            "threshold": 325.10113525390625
          },
          "0.2": {
            "tpr": 0.934923000496771,
            "threshold": 287.2652893066406
          }
        },
        "tau20": 287.2652893066406
      },
      "entropy": {
        "auroc": 0.6228839202641394,
        "tpr@osr": {
          "0.05": {
            "tpr": 0.0,
            "threshold": -Infinity
          },
          "0.1": {
            "tpr": 0.0,
            "threshold": -Infinity
          },
          "0.2": {
            "tpr": 0.0,
            "threshold": -Infinity
          }
        },
        "tau20": -Infinity
      }
    },
    "2": {
      "logsumexp": {
        "auroc": 0.9587710956133201,
        "tpr@osr": {
          "0.05": {
            "tpr": 0.8405365126676602,
            "threshold": 401.58355712890625
          },
          "0.1": {
            "tpr": 0.8882265275707899,
            "threshold": 377.2174377441406
          },
          "0.2": {
            "tpr": 0.9346746150024838,
            "threshold": 333.9711608886719
          }
        },
        "tau20": 333.9711608886719
      },
      "entropy": {
        "auroc": 0.6266441816041037,
        "tpr@osr": {
          "0.05": {
            "tpr": 0.0,
            "threshold": -Infinity
          },
          "0.1": {
            "tpr": 0.0,
            "threshold": -Infinity
          },
          "0.2": {
            "tpr": 0.0,
            "threshold": -Infinity
          }
        },
        "tau20": -Infinity
      }
    },
    "3": {
      "logsumexp": {
        "auroc": 0.9774955537624228,
        "tpr@osr": {
          "0.05": {
            "tpr": 0.903378042722305,
            "threshold": 511.99462890625
          },
          "0.1": {
            "tpr": 0.940635866865375,
            "threshold": 477.40557861328125
          },
          "0.2": {
            "tpr": 0.9687034277198212,
            "threshold": 418.1600036621094
          }
        },
        "tau20": 418.1600036621094,
        "closed_map": -1.0,
        "open_map": -1.0
      },
      "entropy": {
        "auroc": 0.5327711038470933,
        "tpr@osr": {
          "0.05": {
            "tpr": 0.0,
            "threshold": -Infinity
          },
          "0.1": {
            "tpr": 0.0,
            "threshold": -Infinity
          },
          "0.2": {
            "tpr": 0.0,
            "threshold": -Infinity
          }
        },
        "tau20": -Infinity
      }
    },
    "4": {
      "logsumexp": {
        "auroc": 0.9689590177657381,
        "tpr@osr": {
          "0.05": {
            "tpr": 0.8671137605563836,
            "threshold": 570.7406005859375
          },
          "0.1": {
            "tpr": 0.9334326875310481,
            "threshold": 526.811279296875
          },
          "0.2": {
            "tpr": 0.9667163437655241,
            "threshold": 464.61370849609375
          }
        },
        "tau20": 464.61370849609375
      },
      "entropy": {
        "auroc": 0.5161031163459612,
        "tpr@osr": {
          "0.05": {
            "tpr": 0.0,
            "threshold": -Infinity
          },
          "0.1": {
            "tpr": 0.0,
            "threshold": -Infinity
          },
          "0.2": {
            "tpr": 0.0,
            "threshold": -Infinity
          }
        },
        "tau20": -Infinity
      }
    },
    "5": {
      "logsumexp": {
        "auroc": 0.9158642168446534,
        "tpr@osr": {
          "0.05": {
            "tpr": 0.4008941877794337,
            "threshold": 755.4075927734375
          },
          "0.1": {
            "tpr": 0.8000496770988574,