{
  "softmax": {
    "auroc": 0.6243979895732257,
    "tpr@osr": {
      "0.05": {
        "tpr": 0.3468590321611061,
        "threshold": 0.25003376603126526
      },
      "0.1": {
        "tpr": 0.3988578298767659,
        "threshold": 0.1836676001548767
      },
      "0.2": {
        "tpr": 0.46558461076044483,
        "threshold": 0.13193513453006744
      }
    },
    "tau20": 0.13193513453006744
  },
  "softmax lse entropy": {
    "logsumexp": {
      "auroc": 0.6088438135162555,
      "tpr@osr": {
        "0.05": {
          "tpr": 0.30057108506161706,
          "threshold": 0.2758735418319702
        },
        "0.1": {
          "tpr": 0.34565674782085964,
          "threshold": -0.005021095275878906
        },
        "0.2": {
          "tpr": 0.41809437932070936,
          "threshold": -0.3473954200744629
        }
      },
      "tau20": -0.3473954200744629
    },
    "entropy": {
      "auroc": 0.6970199212350776,
      "tpr@osr": {
        "0.05": {
          "tpr": 0.3573790201382627,
          "threshold": 3.2202281951904297
        },
        "0.1": {
          "tpr": 0.4135858130447851,
          "threshold": 3.367469310760498
        },
        "0.2": {
          "tpr": 0.5163811241358581,
          "threshold": 3.499096632003784
        }
      },
      "tau20": 3.499096632003784
    }
  },
  "softmax temperature": {
    "auroc": 0.6243980092690287,
    "tpr@osr": {
      "0.05": {
        "tpr": 0.3468590321611061,
        "threshold": 0.028688840568065643
      },
      "0.1": {
        "tpr": 0.3988578298767659,
        "threshold": 0.008300225250422955
      },
      "0.2": {
        "tpr": 0.46558461076044483,
        "threshold": 0.002373694209381938
      }
    },
    "tau20": 0.002373694209381938
  },
  "softmax temperature lse entropy": {
    "logsumexp": {
      "auroc": 0.6478320124640238,
      "tpr@osr": {
        "0.05": {
          "tpr": 0.3345356176735798,
          "threshold": -4.29646635055542
        },
        "0.1": {
          "tpr": 0.3802224226029456,
          "threshold": -5.613003730773926
        },
        "0.2": {
          "tpr": 0.46528403967538323,
          "threshold": -7.12777042388916
        }
      },
      "tau20": -7.12777042388916
    },
    "entropy": {
      "auroc": 0.7263835222725383,
      "tpr@osr": {
        "0.05": {
          "tpr": 0.3913435527502254,
          "threshold": 0.28733178973197937
        },
        "0.1": {
          "tpr": 0.4743011722272317,
          "threshold": 0.5996448397636414
        },
        "0.2": {
          "tpr": 0.5578599338743613,
          "threshold": 1.0191292762756348
        }
      },
      "tau20": 1.0191292762756348
    }
  },
  "gmm": {
    "0": {
      "logsumexp": {
        "auroc": 0.5853649689095398,
        "tpr@osr": {
          "0.05": {
            "tpr": 0.1848512173128945,
            "threshold": 146.37823486328125
          },
          "0.1": {
            "tpr": 0.25819056206792906,
            "threshold": 129.49057006835938
          },
          "0.2": {
            "tpr": 0.3606853020739405,
            "threshold": 108.5943603515625
          }
        },
        "tau20": 108.5943603515625
      },
      "entropy": {
        "auroc": 0.6671653078985279,
        "tpr@osr": {
          "0.05": {
            "tpr": 0.32672076946197776,
            "threshold": 7.77572110063055e-38
          },
          "0.1": {
            "tpr": 0.3820258491133153,
            "threshold": 9.626855919810603e-29
          },
          "0.2": {
            "tpr": 0.47249774571686204,
            "threshold": 4.5162701121028573e-20
          }
        },
        "tau20": 4.5162701121028573e-20
      }
    },
    "1": {
      "logsumexp": {
        "auroc": 0.5883218594265041,
        "tpr@osr": {
          "0.05": {
            "tpr": 0.1761346558461076,
            "threshold": 56.712982177734375
          },
          "0.1": {
            "tpr": 0.24616771866546439,
            "threshold": 42.3076171875
          },
          "0.2": {
            "tpr": 0.3489630297565374,
            "threshold": 23.404998779296875
          }
        },
        "tau20": 23.404998779296875
      },
      "entropy": {
        "auroc": 0.6462421960712778,
        "tpr@osr": {
          "0.05": {
            "tpr": 0.3186053501653141,
            "threshold": 9.655694268646586e-35
          },
          "0.1": {
            "tpr": 0.36369101292455663,
            "threshold": 5.220622537296358e-27
          },
          "0.2": {
            "tpr": 0.44454463480613166,
            "threshold": 2.668613386078896e-19
          }
        },
        "tau20": 2.668613386078896e-19
      }
    },
    "2": {
      "logsumexp": {
        "auroc": 0.6201948514061622,
        "tpr@osr": {
          "0.05": {
            "tpr": 0.2094980462879471,
            "threshold": 32.65230178833008
          },
          "0.1": {
            "tpr": 0.2939585211902615,
            "threshold": 16.506439208984375
          },
          "0.2": {
            "tpr": 0.40066125638713557,
            "threshold": -2.572845458984375
          }
        },
        "tau20": -2.572845458984375
      },
      "entropy": {
        "auroc": 0.6431339157711173,
        "tpr@osr": {
          "0.05": {
            "tpr": 0.3095882176134656,
            "threshold": 5.053601742753675e-34
          },
          "0.1": {
            "tpr": 0.35317102494740005,
            "threshold": 2.7466090611822714e-26
          },
          "0.2": {
            "tpr": 0.43462578899909826,
            "threshold": 1.4565042754743167e-18
          }
        },
        "tau20": 1.4565042754743167e-18
      }
    },
    "3": {
      "logsumexp": {
        "auroc": 0.6345496455601058,
        "tpr@osr": {
          "0.05": {
            "tpr": 0.2548842801322513,
            "threshold": 52.453125
          },
          "0.1": {
            "tpr": 0.3231139164412384,
            "threshold": 34.75396728515625
          },
          "0.2": {
            "tpr": 0.4204989480012023,
            "threshold": 12.53193473815918
          }
        },
        "tau20": 12.53193473815918
      },
      "entropy": {
        "auroc": 0.642914921472731,
        "tpr@osr": {
          "0.05": {
            "tpr": 0.30297565374211,
            "threshold": 8.476454410700818e-42
          },
          "0.1": {
            "tpr": 0.35497445145776974,
            "threshold": 3.5128369736470368e-31
          },
          "0.2": {
            "tpr": 0.43402464682897507,
            "threshold": 1.87603553185068e-21
          }
        },
        "tau20": 1.87603553185068e-21
      }
    },
    "4": {
      "logsumexp": {
        "auroc": 0.6737328920981078,
        "tpr@osr": {
          "0.05": {
            "tpr": 0.31800420799519086,
            "threshold": 132.98214721679688
          },
          "0.1": {
            "tpr": 0.3874361286444244,
            "threshold": 109.15899658203125
          },
          "0.2": {
            "tpr": 0.4743011722272317,
            "threshold": 80.20614624023438
          }
        },
        "tau20": 80.20614624023438
      },
      "entropy": {
        "auroc": 0.6589518771676213,
        "tpr@osr": {
          "0.05": {
            "tpr": 0.3781184250075143,
            "threshold": -0.0
          },
          "0.1": {
            "tpr": 0.39555154794108804,
            "threshold": 5.770491024151024e-40
          },
          "0.2": {
            "tpr": 0.47219717463180044,
            "threshold": 2.47797792586741e-27
          }
        },
        "tau20": 2.47797792586741e-27
      }
    },
    "5": {
      "logsumexp": {
        "auroc": 0.6880954562374635,