{
  "softmax": {
    "auroc": 0.6411070523292617,
    "tpr@osr": {
      "0.05": {
        "tpr": 0.2331369362047948,
        "threshold": 0.7281395792961121
      },
      "0.1": {
        "tpr": 0.3048557496952458,
        "threshold": 0.5722154974937439
      },
      "0.2": {
        "tpr": 0.41802112962210486,
        "threshold": 0.41026878356933594
      }
    },
    "tau20": 0.41026878356933594
  },
  "softmax lse entropy": {
    "logsumexp": {
      "auroc": 0.5903536330826692,
      "tpr@osr": {
        "0.05": {
          "tpr": 0.20225518082080454,
          "threshold": 1.378770112991333
        },
        "0.1": {
          "tpr": 0.2536570499796831,
          "threshold": 1.0069708824157715
        },
        "0.2": {
          "tpr": 0.34945144250304755,
          "threshold": 0.5637845396995544
        }
      },
      "tau20": 0.5637845396995544
    },
    "entropy": {
      "auroc": 0.6643767830882132,
      "tpr@osr": {
        "0.05": {
          "tpr": 0.25335229581470947,
          "threshold": 2.0945730209350586
        },
        "0.1": {
          "tpr": 0.3411214953271028,
          "threshold": 2.679028034210205
        },
        "0.2": {
          "tpr": 0.45469321414059327,
          "threshold": 3.0418829917907715
        }
      },
      "tau20": 3.0418829917907715
    }
  },
  "softmax temperature": {
    "auroc": 0.6921827653256104,
    "tpr@osr": {
      "0.05": {
        "tpr": 0.2149965285813469,
        "threshold": 0.9995573163032532
      },
      "0.1": {
        "tpr": 0.3501504281416339,
        "threshold": 0.9974984526634216
      },
      "0.2": {
        "tpr": 0.5052071279796343,
        "threshold": 0.9724048376083374
      }
    },
    "tau20": 0.9724048376083374
  },
  "softmax temperature lse entropy": {
    "logsumexp": {
      "auroc": 0.6843829553344134,
      "tpr@osr": {
        "0.05": {
          "tpr": 0.3119648229576487,
          "threshold": 5.736140251159668
        },
        "0.1": {
          "tpr": 0.4107845406155982,
          "threshold": 3.870588779449463
        },
        "0.2": {
          "tpr": 0.5047442721592224,
          "threshold": 1.8649412393569946
        }
      },
      "tau20": 1.8649412393569946
    },
    "entropy": {
      "auroc": 0.7378586228592918,
      "tpr@osr": {
        "0.05": {
          "tpr": 0.37583892617449666,
          "threshold": 9.684934775577858e-05
        },
        "0.1": {
          "tpr": 0.48299004859986117,
          "threshold": 0.0012713199248537421
        },
        "0.2": {
          "tpr": 0.5739412173108077,
          "threshold": 0.010981384664773941
        }
      },
      "tau20": 0.010981384664773941
    }
  },
  "gmm": {
    "0": {
      "logsumexp": {
        "auroc": 0.6259967384920491,
        "tpr@osr": {
          "0.05": {
            "tpr": 0.1408980089394555,
            "threshold": 167.12466430664062
          },
          "0.1": {
            "tpr": 0.22947988622511176,
            "threshold": 152.34983825683594
          },
          "0.2": {
            "tpr": 0.3744412840308818,
            "threshold": 132.55056762695312
          }
        },
        "tau20": 132.55056762695312
      },
      "entropy": {
        "auroc": 0.6396816914940127,
        "tpr@osr": {
          "0.05": {
            "tpr": 0.2999796830556684,
            "threshold": -0.0
          },
          "0.1": {
            "tpr": 0.30668427468508735,
            "threshold": 7.118596198770071e-43
          },
          "0.2": {
            "tpr": 0.4320398212108899,
            "threshold": 5.06522416120511e-28
          }
        },
        "tau20": 5.06522416120511e-28
      }
    },
    "1": {
      "logsumexp": {
        "auroc": 0.632495182973321,
        "tpr@osr": {
          "0.05": {
            "tpr": 0.13703778951645673,
            "threshold": 73.41964721679688
          },
          "0.1": {
            "tpr": 0.22490857375050793,
            "threshold": 59.91656494140625
          },
          "0.2": {
            "tpr": 0.36296221048354327,
            "threshold": 41.34877395629883
          }
        },
        "tau20": 41.34877395629883
      },
      "entropy": {
        "auroc": 0.64036525684268,
        "tpr@osr": {
          "0.05": {
            "tpr": 0.2924624136529866,
            "threshold": -0.0
          },
          "0.1": {
            "tpr": 0.3138967899227956,
            "threshold": 1.3063464803821675e-40
          },
          "0.2": {
            "tpr": 0.42391304347826086,
            "threshold": 8.099499921864476e-27
          }
        },
        "tau20": 8.099499921864476e-27
      }
    },
    "2": {
      "logsumexp": {
        "auroc": 0.6389734904578913,
        "tpr@osr": {
          "0.05": {
            "tpr": 0.16426249492076392,
            "threshold": 50.883670806884766
          },
          "0.1": {
            "tpr": 0.24959366111336856,
            "threshold": 37.113739013671875
          },
          "0.2": {
            "tpr": 0.39496139780577,
            "threshold": 15.13470458984375
          }
        },
        "tau20": 15.13470458984375
      },
      "entropy": {
        "auroc": 0.6242789455617288,
        "tpr@osr": {
          "0.05": {
            "tpr": 0.2829134498171475,
            "threshold": -0.0
          },
          "0.1": {
            "tpr": 0.286976838683462,
            "threshold": 7.118596198770071e-43
          },
          "0.2": {
            "tpr": 0.4036976838683462,
            "threshold": 1.1866444789018937e-26
          }
        },
        "tau20": 1.1866444789018937e-26
      }
    },
    "3": {
      "logsumexp": {
        "auroc": 0.6630894505958923,
        "tpr@osr": {
          "0.05": {
            "tpr": 0.22775294595692808,
            "threshold": 71.18354797363281
          },
          "0.1": {
            "tpr": 0.3112555871596912,
            "threshold": 54.635345458984375
          },
          "0.2": {
            "tpr": 0.4414872003250711,
            "threshold": 29.1138916015625
          }
        },
        "tau20": 29.1138916015625
      },
      "entropy": {
        "auroc": 0.617797146236241,
        "tpr@osr": {
          "0.05": {
            "tpr": 0.0,
            "threshold": -Infinity
          },
          "0.1": {
            "tpr": 0.3086143843965867,
            "threshold": -0.0
          },
          "0.2": {
            "tpr": 0.39790735473384803,
            "threshold": 1.3786253229777147e-30
          }
        },
        "tau20": 1.3786253229777147e-30
      }
    },
    "4": {
      "logsumexp": {
        "auroc": 0.676935649527826,
        "tpr@osr": {
          "0.05": {
            "tpr": 0.2744819179195449,
            "threshold": 163.21908569335938
          },
          "0.1": {
            "tpr": 0.34823242584315317,
            "threshold": 142.58676147460938
          },
          "0.2": {
            "tpr": 0.465969118244616,
            "threshold": 111.45379638671875
          }
        },
        "tau20": 111.45379638671875
      },
      "entropy": {
        "auroc": 0.6128577337464016,
        "tpr@osr": {
          "0.05": {
            "tpr": 0.0,
            "threshold": -Infinity
          },
          "0.1": {
            "tpr": 0.38835839089800894,
            "threshold": -0.0
          },
          "0.2": {
            "tpr": 0.40928484355952865,
            "threshold": 4.51342821075916e-40
          }
        },
        "tau20": 4.51342821075916e-40
      }
    },
    "5": {
      "logsumexp": {
        "auroc": 0.683661492115466,
        "tpr@osr": {
          "0.05": {
            "tpr": 0.22998780983340106,