{
  "baseline_closed_map": 0.5195755682615698,
  "softmax": {
    "auroc": 0.5738493411131598,
    "tpr@osr": {
      "0.05": {
        "tpr": 0.5087490961677512,
        "threshold": 0.09099365025758743
      },
      "0.1": {
        "tpr": 0.5139551699204628,
        "threshold": 0.05843665450811386
      },
      "0.2": {
        "tpr": 0.5230657989877079,
        "threshold": 0.033713601529598236
      }
    },
    "tau20": 0.033713601529598236,
    "closed_map": 0.5195755682615698,
    "open_map": 0.5663731464759292
  },
  "softmax lse entropy": {
    "logsumexp": {
      "auroc": 0.5689047804416639,
      "tpr@osr": {
        "0.05": {
          "tpr": 0.5058568329718004,
          "threshold": -2.269456624984741
        },
        "0.1": {
          "tpr": 0.5116413593637021,
          "threshold": -2.718928098678589
        },
        "0.2": {
          "tpr": 0.5195950831525669,
          "threshold": -3.211332321166992
        }
      },
      "tau20": -3.211332321166992,
      "closed_map": 0.5190512894958814,
      "open_map": 0.5661975903314237
    },
    "entropy": {
      "auroc": 0.7257502317302686,
      "tpr@osr": {
        "0.05": {
          "tpr": 0.5125090383224874,
          "threshold": 0.39193737506866455
        },
        "0.1": {
          "tpr": 0.5292841648590022,
          "threshold": 0.4492546021938324
        },
        "0.2": {
          "tpr": 0.5723788864786695,
          "threshold": 0.5066905617713928
        }
      },
      "tau20": 0.5066905617713928,
      "closed_map": 0.5200141372087732,
      "open_map": 0.5667830598146755
    }
  },
  "softmax temperature": {
    "auroc": 0.5738493444368871,
    "tpr@osr": {
      "0.05": {
        "tpr": 0.5087490961677512,
        "threshold": 7.388302037725225e-06
      },
      "0.1": {
        "tpr": 0.5139551699204628,
        "threshold": 6.349534942273749e-07
      },
      "0.2": {
        "tpr": 0.5230657989877079,
        "threshold": 3.300715079035399e-08
      }
    },
    "tau20": 3.300715079035399e-08,
    "closed_map": 0.5195755682615698,
    "open_map": 0.5663731464759292
  },
  "softmax temperature lse entropy": {
    "logsumexp": {
      "auroc": 0.5740564392386307,
      "tpr@osr": {
        "0.05": {
          "tpr": 0.5065798987707881,
          "threshold": -12.986184120178223
        },
        "0.1": {
          "tpr": 0.5112075198843095,
          "threshold": -15.380934715270996
        },
        "0.2": {
          "tpr": 0.5207519884309472,
          "threshold": -17.988510131835938
        }
      },
      "tau20": -17.988510131835938,
      "closed_map": 0.5195755682615698,
      "open_map": 0.5663731464759292
    },
    "entropy": {
      "auroc": 0.7256863408279397,
      "tpr@osr": {
        "0.05": {
          "tpr": 0.5123644251626898,
          "threshold": 0.0007006291998550296
        },
        "0.1": {
          "tpr": 0.5291395516992047,
          "threshold": 0.0023263669572770596
        },
        "0.2": {
          "tpr": 0.572234273318872,
          "threshold": 0.007475526537746191
        }
      },
      "tau20": 0.007475526537746191,
      "closed_map": "error: need at least one array to concatenate",
      "open_map": "error: need at least one array to concatenate"
    }
  },
  "gmm": {
    "0": {
      "logsumexp": {
        "auroc": 0.7008916762700228,
        "tpr@osr": {
          "0.05": {
            "tpr": 0.4981923355025307,
            "threshold": 262.4427490234375
          },
          "0.1": {
            "tpr": 0.5261026753434562,
            "threshold": 223.58889770507812
          },
          "0.2": {
            "tpr": 0.5713665943600867,
            "threshold": 173.2620849609375
          }
        },
        "tau20": 173.2620849609375
      },
      "entropy": {
        "auroc": 0.6861183143668157,
        "tpr@osr": {
          "0.05": {
            "tpr": 0.0,
            "threshold": -Infinity
          },
          "0.1": {
            "tpr": 0.0,
            "threshold": -Infinity
          },
          "0.2": {
            "tpr": 0.0,
            "threshold": -Infinity
          }
        },
        "tau20": -Infinity
      }
    },
    "1": {
      "logsumexp": {
        "auroc": 0.6729639976515873,
        "tpr@osr": {
          "0.05": {
            "tpr": 0.4725958062183659,
            "threshold": 242.7923583984375
          },
          "0.1": {
            "tpr": 0.5016630513376718,
            "threshold": 217.38253784179688
          },
          "0.2": {
            "tpr": 0.5443239334779465,
            "threshold": 185.68521118164062
          }
        },
        "tau20": 185.68521118164062
      },
      "entropy": {
        "auroc": 0.7104315935260528,
        "tpr@osr": {
          "0.05": {
            "tpr": 0.0,
            "threshold": -Infinity
          },
          "0.1": {
            "tpr": 0.0,
            "threshold": -Infinity
          },
          "0.2": {
            "tpr": 0.7307302964569776,
            "threshold": -0.0
          }
        },
        "tau20": -0.0
      }
    },
    "2": {
      "logsumexp": {
        "auroc": 0.6851200982334256,
        "tpr@osr": {
          "0.05": {
            "tpr": 0.48821402747650033,
            "threshold": 287.13348388671875
          },
          "0.1": {
            "tpr": 0.5093275488069414,
            "threshold": 247.13235473632812
          },
          "0.2": {
            "tpr": 0.5402747650036154,
            "threshold": 189.8643798828125
          }
        },
        "tau20": 189.8643798828125
      },
      "entropy": {
        "auroc": 0.5610551502528602,
        "tpr@osr": {
          "0.05": {
            "tpr": 0.0,
            "threshold": -Infinity
          },
          "0.1": {
            "tpr": 0.0,
            "threshold": -Infinity
          },
          "0.2": {
            "tpr": 0.0,
            "threshold": -Infinity
          }
        },
        "tau20": -Infinity
      }
    },
    "3": {
      "logsumexp": {
        "auroc": 0.6075313157156286,
        "tpr@osr": {
          "0.05": {
            "tpr": 0.4837310195227766,
            "threshold": 373.7760314941406
          },
          "0.1": {
            "tpr": 0.49963846710050613,
            "threshold": 326.7445373535156
          },
          "0.2": {
            "tpr": 0.5171366594360087,
            "threshold": 269.7742919921875
          }
        },
        "tau20": 269.7742919921875
      },
      "entropy": {
        "auroc": 0.6214375437513305,
        "tpr@osr": {
          "0.05": {
            "tpr": 0.0,
            "threshold": -Infinity
          },
          "0.1": {
            "tpr": 0.0,
            "threshold": -Infinity
          },
          "0.2": {
            "tpr": 0.0,
            "threshold": -Infinity
          }
        },
        "tau20": -Infinity
      }
    },
    "4": {
      "logsumexp": {
        "auroc": 0.6354891926125685,
        "tpr@osr": {
          "0.05": {
            "tpr": 0.5049891540130151,
            "threshold": 312.1944580078125
          },
          "0.1": {
            "tpr": 0.5177151120751988,
            "threshold": 223.57080078125
          },
          "0.2": {
            "tpr": 0.5343456254519161,
            "threshold": 108.7012939453125
          }
        },
        "tau20": 108.7012939453125
      },
      "entropy": {
        "auroc": 0.520108579080868,
        "tpr@osr": {
          "0.05": {
            "tpr": 0.0,
            "threshold": -Infinity
          },
          "0.1": {
            "tpr": 0.0,
            "threshold": -Infinity
          },
          "0.2": {
            "tpr": 0.0,
            "threshold": -Infinity
          }
        },
        "tau20": -Infinity
      }
    },
    "5": {
      "logsumexp": {
        "auroc": 0.6123837670398636,
        "tpr@osr": {
          "0.05": {
            "tpr": 0.48402024584237163,
            "threshold": 575.2774047851562
          },