{
  "baseline_closed_map": 0.5419115276497216,
  "softmax": {
    "auroc": 0.9359578828773195,
    "tpr@osr": {
      "0.05": {
        "tpr": 0.5774962742175856,
        "threshold": 0.8428661823272705
      },
      "0.1": {
        "tpr": 0.791852955787382,
        "threshold": 0.8095466494560242
      },
      "0.2": {
        "tpr": 0.9570293094883259,
        "threshold": 0.7149854898452759
      }
    },
    "tau20": 0.7149854898452759
  },
  "softmax lse entropy": {
    "logsumexp": {
      "auroc": 0.9458174833197476,
      "tpr@osr": {
        "0.05": {
          "tpr": 0.6254346746150025,
          "threshold": 1.6380752325057983
        },
        "0.1": {
          "tpr": 0.8323397913561847,
          "threshold": 1.3981887102127075
        },
        "0.2": {
          "tpr": 0.9687034277198212,
          "threshold": 0.8539826273918152
        }
      },
      "tau20": 0.8539826273918152,
      "closed_map": "error: unknown prune_mode 'softmax_logsumexp'",
      "open_map": "error: unknown prune_mode 'softmax_logsumexp'"
    },
    "entropy": {
      "auroc": 0.9859598727058649,
      "tpr@osr": {
        "0.05": {
          "tpr": 0.9254843517138599,
          "threshold": 0.054839570075273514
        },
        "0.1": {
          "tpr": 0.9711872826626925,
          "threshold": 0.08488978445529938
        },
        "0.2": {
          "tpr": 0.9932935916542474,
          "threshold": 0.17035283148288727
        }
      },
      "tau20": 0.17035283148288727,
      "closed_map": "error: unknown prune_mode 'softmax_entropy'",
      "open_map": "error: unknown prune_mode 'softmax_entropy'"
    }
  },
  "softmax temperature": {
    "auroc": 0.8662148229365033,
    "tpr@osr": {
      "0.05": {
        "tpr": 0.339584896224056,
        "threshold": 0.999910831451416
      },
      "0.1": {
        "tpr": 0.5511377844461115,
        "threshold": 0.9997805953025818
      },
      "0.2": {
        "tpr": 0.754688672168042,
        "threshold": 0.999373733997345
      }
    },
    "tau20": 0.999373733997345
  },
  "softmax temperature lse entropy": {
    "logsumexp": {
      "auroc": 0.90079981533845,
      "tpr@osr": {
        "0.05": {
          "tpr": 0.46786696674168543,
          "threshold": 8.810860633850098
        },
        "0.1": {
          "tpr": 0.6399099774943736,
          "threshold": 8.021424293518066
        },
        "0.2": {
          "tpr": 0.8454613653413353,
          "threshold": 6.795035362243652
        }
      },
      "tau20": 6.795035362243652
    },
    "entropy": {
      "auroc": 0.9760813280243139,
      "tpr@osr": {
        "0.05": {
          "tpr": 0.8669667416854213,
          "threshold": 5.671041969357304e-10
        },
        "0.1": {
          "tpr": 0.9339834958739685,
          "threshold": 3.3001006372046504e-09
        },
        "0.2": {
          "tpr": 0.9749937484371093,
          "threshold": 3.682501770185809e-08
        }
      },
      "tau20": 3.682501770185809e-08
    }
  },
  "gmm": {
    "0": {
      "logsumexp": {
        "auroc": 0.9478688936278827,
        "tpr@osr": {
          "0.05": {
            "tpr": 0.8035270740188774,
            "threshold": 404.4814758300781
          },
          "0.1": {
            "tpr": 0.8502235469448585,
            "threshold": 389.23760986328125
          },
          "0.2": {
            "tpr": 0.9110779930452062,
            "threshold": 353.82183837890625
          }
        },
        "tau20": 353.82183837890625
      },
      "entropy": {
        "auroc": 0.5828431665170863,
        "tpr@osr": {
          "0.05": {
            "tpr": 0.0,
            "threshold": -Infinity
          },
          "0.1": {
            "tpr": 0.0,
            "threshold": -Infinity
          },
          "0.2": {
            "tpr": 0.0,
            "threshold": -Infinity
          }
        },
        "tau20": -Infinity
      }
    },
    "1": {
      "logsumexp": {
        "auroc": 0.9595351211599741,
        "tpr@osr": {
          "0.05": {
            "tpr": 0.8440139095876801,
            "threshold": 349.726806640625
          },
          "0.1": {
            "tpr": 0.8944361649279682,
            "threshold": 326.3315734863281
          },
          "0.2": {
            "tpr": 0.9336810730253353,
            "threshold": 288.9548645019531
          }
        },
        "tau20": 288.9548645019531
      },
      "entropy": {
        "auroc": 0.5987202829398961,
        "tpr@osr": {
          "0.05": {
            "tpr": 0.0,
            "threshold": -Infinity
          },
          "0.1": {
            "tpr": 0.0,
            "threshold": -Infinity
          },
          "0.2": {
            "tpr": 0.0,
            "threshold": -Infinity
          }
        },
        "tau20": -Infinity
      }
    },
    "2": {
      "logsumexp": {
        "auroc": 0.9578887095756039,
        "tpr@osr": {
          "0.05": {
            "tpr": 0.8363139592647789,
            "threshold": 402.087890625
          },
          "0.1": {
            "tpr": 0.88301043219076,
            "threshold": 378.413818359375
          },
          "0.2": {
            "tpr": 0.9314456035767511,
            "threshold": 335.3725891113281
          }
        },
        "tau20": 335.3725891113281
      },
      "entropy": {
        "auroc": 0.61320451938093,
        "tpr@osr": {
          "0.05": {
            "tpr": 0.0,
            "threshold": -Infinity
          },
          "0.1": {
            "tpr": 0.0,
            "threshold": -Infinity
          },
          "0.2": {
            "tpr": 0.0,
            "threshold": -Infinity
          }
        },
        "tau20": -Infinity
      }
    },
    "3": {
      "logsumexp": {
        "auroc": 0.9768735608050435,
        "tpr@osr": {
          "0.05": {
            "tpr": 0.903378042722305,
            "threshold": 511.880615234375
          },
          "0.1": {
            "tpr": 0.9384003974167908,
            "threshold": 480.5367431640625
          },
          "0.2": {
            "tpr": 0.9667163437655241,
            "threshold": 425.9326477050781
          }
        },
        "tau20": 425.9326477050781
      },
      "entropy": {
        "auroc": 0.5295683375737266,
        "tpr@osr": {
          "0.05": {
            "tpr": 0.0,
            "threshold": -Infinity
          },
          "0.1": {
            "tpr": 0.0,
            "threshold": -Infinity
          },
          "0.2": {
            "tpr": 0.0,
            "threshold": -Infinity
          }
        },
        "tau20": -Infinity
      }
    },
    "4": {
      "logsumexp": {
        "auroc": 0.9678414545783895,
        "tpr@osr": {
          "0.05": {
            "tpr": 0.8671137605563836,
            "threshold": 571.864990234375
          },
          "0.1": {
            "tpr": 0.9316939890710383,
            "threshold": 530.2079467773438
          },
          "0.2": {
            "tpr": 0.9672131147540983,
            "threshold": 469.7210693359375
          }
        },
        "tau20": 469.7210693359375
      },
      "entropy": {
        "auroc": 0.5165745856353592,
        "tpr@osr": {
          "0.05": {
            "tpr": 0.0,
            "threshold": -Infinity
          },
          "0.1": {
            "tpr": 0.0,
            "threshold": -Infinity
          },
          "0.2": {
            "tpr": 0.0,
            "threshold": -Infinity
          }
        },
        "tau20": -Infinity
      }
    },
    "5": {
      "logsumexp": {
        "auroc": 0.9147396206426185,
        "tpr@osr": {
          "0.05": {
            "tpr": 0.3969200198708395,
            "threshold": 759.0031127929688
          },
          "0.1": {
            "tpr": 0.7866368604073523,
            "threshold": 712.115478515625
          },
          "0.2": {
            "tpr": 0.9230004967709886,
            "threshold": 642.425048828125
          }
        },
        "tau20": 642.425048828125
      },
      "entropy": {
        "auroc": 0.5207182320441989,