{
  "baseline_closed_map": 0.5419115276497216,
  "softmax": {
    "auroc": 0.875185587966197,
    "tpr@osr": {
      "0.05": {
        "tpr": 0.5063856960408685,
        "threshold": 0.8428661823272705
      },
      "0.1": {
        "tpr": 0.696892294593444,
        "threshold": 0.8095466494560242
      },
      "0.2": {
        "tpr": 0.8480204342273308,
        "threshold": 0.7149854898452759
      }
    },
    "tau20": 0.7149854898452759,
    "closed_map": 0.541746754435633,
    "open_map": 0.5268916539750561
  },
  "softmax lse entropy": {
    "logsumexp": {
      "auroc": 0.870217048985227,
      "tpr@osr": {
        "0.05": {
          "tpr": 0.5368241805023414,
          "threshold": 1.6380752325057983
        },
        "0.1": {
          "tpr": 0.7145593869731801,
          "threshold": 1.3981887102127075
        },
        "0.2": {
          "tpr": 0.8356747552149851,
          "threshold": 0.8539826273918152
        }
      },
      "tau20": 0.8539826273918152
    },
    "entropy": {
      "auroc": 0.9270304867005825,
      "tpr@osr": {
        "0.05": {
          "tpr": 0.7945934440187313,
          "threshold": 0.054839570075273514
        },
        "0.1": {
          "tpr": 0.8365261813537676,
          "threshold": 0.08543774485588074
        },
        "0.2": {
          "tpr": 0.8825031928480205,
          "threshold": 0.17337575554847717
        }
      },
      "tau20": 0.17337575554847717
    }
  },
  "softmax temperature": {
    "auroc": 0.8424563263838966,
    "tpr@osr": {
      "0.05": {
        "tpr": 0.3238317757009346,
        "threshold": 0.999910831451416
      },
      "0.1": {
        "tpr": 0.5261682242990654,
        "threshold": 0.9997805953025818
      },
      "0.2": {
        "tpr": 0.7238317757009346,
        "threshold": 0.999373733997345
      }
    },
    "tau20": 0.999373733997345
  },
  "softmax temperature lse entropy": {
    "logsumexp": {
      "auroc": 0.8555481667864846,
      "tpr@osr": {
        "0.05": {
          "tpr": 0.4378504672897196,
          "threshold": 8.810860633850098
        },
        "0.1": {
          "tpr": 0.5985981308411215,
          "threshold": 8.021424293518066
        },
        "0.2": {
          "tpr": 0.7906542056074767,
          "threshold": 6.795035362243652
        }
      },
      "tau20": 6.795035362243652
    },
    "entropy": {
      "auroc": 0.9390756649892164,
      "tpr@osr": {
        "0.05": {
          "tpr": 0.8107476635514018,
          "threshold": 5.671041969357304e-10
        },
        "0.1": {
          "tpr": 0.8733644859813084,
          "threshold": 3.3001006372046504e-09
        },
        "0.2": {
          "tpr": 0.9133177570093458,
          "threshold": 3.682501770185809e-08
        }
      },
      "tau20": 3.682501770185809e-08
    }
  },
  "gmm": {
    "0": {
      "logsumexp": {
        "auroc": 0.9132703701351698,
        "tpr@osr": {
          "0.05": {
            "tpr": 0.7122179650915283,
            "threshold": 404.97821044921875
          },
          "0.1": {
            "tpr": 0.7673478075776926,
            "threshold": 388.932373046875
          },
          "0.2": {
            "tpr": 0.8461047254150702,
            "threshold": 353.1246337890625
          }
        },
        "tau20": 353.1246337890625
      },
      "entropy": {
        "auroc": 0.5755371687493678,
        "tpr@osr": {
          "0.05": {
            "tpr": 0.0,
            "threshold": -Infinity
          },
          "0.1": {
            "tpr": 0.0,
            "threshold": -Infinity
          },
          "0.2": {
            "tpr": 0.0,
            "threshold": -Infinity
          }
        },
        "tau20": -Infinity
      }
    },
    "1": {
      "logsumexp": {
        "auroc": 0.9175761579513088,
        "tpr@osr": {
          "0.05": {
            "tpr": 0.7394636015325671,
            "threshold": 350.222412109375
          },
          "0.1": {
            "tpr": 0.798637718177948,
            "threshold": 327.264892578125
          },
          "0.2": {
            "tpr": 0.855683269476373,
            "threshold": 289.08978271484375
          }
        },
        "tau20": 289.08978271484375
      },
      "entropy": {
        "auroc": 0.5933204649210079,
        "tpr@osr": {
          "0.05": {
            "tpr": 0.0,
            "threshold": -Infinity
          },
          "0.1": {
            "tpr": 0.0,
            "threshold": -Infinity
          },
          "0.2": {
            "tpr": 0.0,
            "threshold": -Infinity
          }
        },
        "tau20": -Infinity
      }
    },
    "2": {
      "logsumexp": {
        "auroc": 0.9077925483748817,
        "tpr@osr": {
          "0.05": {
            "tpr": 0.7283950617283951,
            "threshold": 405.063232421875
          },
          "0.1": {
            "tpr": 0.7871434653043848,
            "threshold": 379.6528015136719
          },
          "0.2": {
            "tpr": 0.8454661558109834,
            "threshold": 338.30517578125
          }
        },
        "tau20": 338.30517578125
      },
      "entropy": {
        "auroc": 0.6064180508221436,
        "tpr@osr": {
          "0.05": {
            "tpr": 0.0,
            "threshold": -Infinity
          },
          "0.1": {
            "tpr": 0.0,
            "threshold": -Infinity
          },
          "0.2": {
            "tpr": 0.0,
            "threshold": -Infinity
          }
        },
        "tau20": -Infinity
      }
    },
    "3": {
      "logsumexp": {
        "auroc": 0.9260698392874362,
        "tpr@osr": {
          "0.05": {
            "tpr": 0.7873563218390804,
            "threshold": 513.8457641601562
          },
          "0.1": {
            "tpr": 0.8371647509578544,
            "threshold": 479.74359130859375
          },
          "0.2": {
            "tpr": 0.8776074925500212,
            "threshold": 423.66583251953125
          }
        },
        "tau20": 423.66583251953125
      },
      "entropy": {
        "auroc": 0.5275027400868832,
        "tpr@osr": {
          "0.05": {
            "tpr": 0.0,
            "threshold": -Infinity
          },
          "0.1": {
            "tpr": 0.0,
            "threshold": -Infinity
          },
          "0.2": {
            "tpr": 0.0,
            "threshold": -Infinity
          }
        },
        "tau20": -Infinity
      }
    },
    "4": {
      "logsumexp": {
        "auroc": 0.9108992541789266,
        "tpr@osr": {
          "0.05": {
            "tpr": 0.7377607492550021,
            "threshold": 577.0881958007812
          },
          "0.1": {
            "tpr": 0.814176245210728,
            "threshold": 533.602294921875
          },
          "0.2": {
            "tpr": 0.8693060876968923,
            "threshold": 469.86468505859375
          }
        },
        "tau20": 469.86468505859375
      },
      "entropy": {
        "auroc": 0.514218022715673,
        "tpr@osr": {
          "0.05": {
            "tpr": 0.0,
            "threshold": -Infinity
          },
          "0.1": {
            "tpr": 0.0,
            "threshold": -Infinity
          },
          "0.2": {
            "tpr": 0.0,
            "threshold": -Infinity
          }
        },
        "tau20": -Infinity
      }
    },
    "5": {
      "logsumexp": {
        "auroc": 0.8740211245410648,
        "tpr@osr": {
          "0.05": {
            "tpr": 0.3288633461047254,
            "threshold": 757.694580078125
          },
          "0.1": {
            "tpr": 0.6966794380587484,
            "threshold": 709.3777465820312
          },
          "0.2": {
            "tpr": 0.8480204342273308,
            "threshold": 638.3406372070312
          }
        },
        "tau20": 638.3406372070312
      },
      "entropy": {
        "auroc": 0.5156184217334754,
        "tpr@osr": {
          "0.05": {
            "tpr": 0.0,
            "threshold": -Infinity
          },
          "0.1": {
            "tpr": 0.0,
            "threshold": -Infinity
          },