{
  "gmm temperature": {
    "0": {
      "logsumexp": {
        "auroc": 0.8183603158037065,
        "tpr@osr": {
          "0.05": {
            "tpr": 0.5235451367468641,
            "threshold": 10.01273250579834
          },
          "0.1": {
            "tpr": 0.5940777297964219,
            "threshold": 9.677196502685547
          },
          "0.2": {
            "tpr": 0.670984988690109,
            "threshold": 9.2144193649292
          }
        },
        "tau20": 9.2144193649292,
        "closed_map": -1.0,
        "open_map": -1.0
      },
      "entropy": {
        "auroc": 0.955979981633751,
        "tpr@osr": {
          "0.05": {
            "tpr": 0.8509150730002056,
            "threshold": 0.0004573824699036777
          },
          "0.1": {
            "tpr": 0.9144560970594283,
            "threshold": 0.004719591699540615
          },
          "0.2": {
            "tpr": 0.945712523133868,
            "threshold": 0.030644357204437256
          }
        },
        "tau20": 0.030644357204437256,
        "closed_map": 0.5192703701977399,
        "open_map": 0.5694097820165706
      }
    },
    "1": {
      "logsumexp": {
        "auroc": 0.8308837665739903,
        "tpr@osr": {
          "0.05": {
            "tpr": 0.5778326136129961,
            "threshold": 10.269919395446777
          },
          "0.1": {
            "tpr": 0.6452806909315237,
            "threshold": 9.7527437210083
          },
          "0.2": {
            "tpr": 0.7289738844334773,
            "threshold": 9.04349422454834
          }
        },
        "tau20": 9.04349422454834
      },
      "entropy": {
        "auroc": 0.9222845522100063,
        "tpr@osr": {
          "0.05": {
            "tpr": 0.8180135718692165,
            "threshold": 6.636333296228258e-07
          },
          "0.1": {
            "tpr": 0.8498869010898622,
            "threshold": 0.00012027825141558424
          },
          "0.2": {
            "tpr": 0.8753855644663788,
            "threshold": 0.008844761177897453
          }
        },
        "tau20": 0.008844761177897453
      }
    },
    "2": {
      "logsumexp": {
        "auroc": 0.8203165713142855,
        "tpr@osr": {
          "0.05": {
            "tpr": 0.6000411268764138,
            "threshold": 9.694124221801758
          },
          "0.1": {
            "tpr": 0.6454863253135924,
            "threshold": 9.317946434020996
          },
          "0.2": {
            "tpr": 0.7090273493728151,
            "threshold": 8.657697677612305
          }
        },
        "tau20": 8.657697677612305
      },
      "entropy": {
        "auroc": 0.9301705779452899,
        "tpr@osr": {
          "0.05": {
            "tpr": 0.8204811844540407,
            "threshold": 2.7040471195505233e-07
          },
          "0.1": {
            "tpr": 0.8566728356981287,
            "threshold": 5.796384357381612e-05
          },
          "0.2": {
            "tpr": 0.8957433682911783,
            "threshold": 0.0036109283100813627
          }
        },
        "tau20": 0.0036109283100813627
      }
    },
    "3": {
      "logsumexp": {
        "auroc": 0.8324308660024394,
        "tpr@osr": {
          "0.05": {
            "tpr": 0.6387003907053259,
            "threshold": 8.551289558410645
          },
          "0.1": {
            "tpr": 0.6829117828500926,
            "threshold": 8.168014526367188
          },
          "0.2": {
            "tpr": 0.7404894098293234,
            "threshold": 7.572492599487305
          }
        },
        "tau20": 7.572492599487305
      },
      "entropy": {
        "auroc": 0.9291942547725487,
        "tpr@osr": {
          "0.05": {
            "tpr": 0.8237713345671396,
            "threshold": 4.2622811946557704e-08
          },
          "0.1": {
            "tpr": 0.8447460415381451,
            "threshold": 1.2192109352326952e-05
          },
          "0.2": {
            "tpr": 0.8852560148056755,
            "threshold": 0.0010311781661584973
          }
        },
        "tau20": 0.0010311781661584973
      }
    },
    "4": {
      "logsumexp": {
        "auroc": 0.841219359068617,
        "tpr@osr": {
          "0.05": {
            "tpr": 0.6419905408184249,
            "threshold": 6.6197919845581055
          },
          "0.1": {
            "tpr": 0.6956611145383508,
            "threshold": 6.324892044067383
          },
          "0.2": {
            "tpr": 0.7495373226403454,
            "threshold": 5.831206798553467
          }
        },
        "tau20": 5.831206798553467
      },
      "entropy": {
        "auroc": 0.9328455854805225,
        "tpr@osr": {
          "0.05": {
            "tpr": 0.7752416203989307,
            "threshold": 1.7995287748817645e-07
          },
          "0.1": {
            "tpr": 0.8295290972650627,
            "threshold": 7.554467629233841e-06
          },
          "0.2": {
            "tpr": 0.8885461649187745,
            "threshold": 0.0002801202645059675
          }
        },
        "tau20": 0.0002801202645059675
      }
    },
    "5": {
      "logsumexp": {
        "auroc": 0.8383358122135556,
        "tpr@osr": {
          "0.05": {
            "tpr": 0.5426691342792515,
            "threshold": 10.363062858581543
          },
          "0.1": {
            "tpr": 0.6565905819453013,
            "threshold": 9.875931739807129
          },
          "0.2": {
            "tpr": 0.7483035163479334,
            "threshold": 9.209434509277344
          }
        },
        "tau20": 9.209434509277344
      },
      "entropy": {
        "auroc": 0.9188238030247972,
        "tpr@osr": {
          "0.05": {
            "tpr": 0.7910754678182192,
            "threshold": 2.1180953170507618e-20
          },
          "0.1": {
            "tpr": 0.8328192473781616,
            "threshold": 7.143690207520731e-14
          },
          "0.2": {
            "tpr": 0.8677770923298376,
            "threshold": 2.2561177370761243e-09
          }
        },
        "tau20": 2.2561177370761243e-09
      }
    }
  },
  "gmm per class": {
    "2": {
      "auroc": 0.9341179482195725,
      "tpr@osr": {
        "0.05": {
          "tpr": 0.685173761052848,
          "threshold": 1.9551870877876354e-07
        },
        "0.1": {
          "tpr": 0.859757351429159,
          "threshold": 4.343044201959856e-05
        },
        "0.2": {
          "tpr": 0.9335800945918158,
          "threshold": 0.002209827769547701
        }
      },
      "tau20": 0.002209827769547701
    },
    "3": {
      "auroc": 0.8638029614167928,
      "tpr@osr": {
        "0.05": {
          "tpr": 0.3113304544519844,
          "threshold": 2.3641258244538653e-18
        },
        "0.1": {
          "tpr": 0.6193707587908698,
          "threshold": 2.1519744319853373e-10
        },
        "0.2": {
          "tpr": 0.7830557269175407,
          "threshold": 2.243432572868187e-05
        }
      },
      "tau20": 2.243432572868187e-05
    },
    "4": {
      "auroc": 0.8455412902571557,
      "tpr@osr": {
        "0.05": {
          "tpr": 0.3771334567139626,
          "threshold": 4.934209406360766e-28
        },
        "0.1": {
          "tpr": 0.6117622866543286,
          "threshold": 1.3160008117844222e-16
        },
        "0.2": {
          "tpr": 0.6958667489204194,
          "threshold": 3.23430504600708e-09
        }
      },
      "tau20": 3.23430504600708e-09
    }
  }
}