{
  "gmm": {
    "0": {
      "logsumexp": {
        "auroc": 0.33907521013502673,
        "tpr@osr": {
          "0.05": {
            "tpr": 0.02066115702479339,
            "threshold": 170.57044982910156
          },
          "0.1": {
            "tpr": 0.04338842975206612,
            "threshold": 158.72052001953125
          },
          "0.2": {
            "tpr": 0.09421487603305785,
            "threshold": 145.4467315673828
          }
        },
        "tau20": 145.4467315673828
      },
      "entropy": {
        "auroc": 0.7733809521945261,
        "tpr@osr": {
          "0.05": {
            "tpr": 0.5004132231404959,
            "threshold": 3.8393680775877385e-17
          },
          "0.1": {
            "tpr": 0.5640495867768595,
            "threshold": 2.5380528841795202e-12
          },
          "0.2": {
            "tpr": 0.6330578512396694,
            "threshold": 3.753712007892318e-08
          }
        },
        "tau20": 3.753712007892318e-08
      }
    },
    "1": {
      "logsumexp": {
        "auroc": 0.3241366259381203,
        "tpr@osr": {
          "0.05": {
            "tpr": 0.017355371900826446,
            "threshold": 109.09503173828125
          },
          "0.1": {
            "tpr": 0.0384297520661157,
            "threshold": 95.88829803466797
          },
          "0.2": {
            "tpr": 0.0896694214876033,
            "threshold": 79.65824127197266
          }
        },
        "tau20": 79.65824127197266
      },
      "entropy": {
        "auroc": 0.7823057498894026,
        "tpr@osr": {
          "0.05": {
            "tpr": 0.5169421487603306,
            "threshold": 8.531686421659737e-16
          },
          "0.1": {
            "tpr": 0.5805785123966942,
            "threshold": 2.2785150502468987e-11
          },
          "0.2": {
            "tpr": 0.653305785123967,
            "threshold": 1.1587921733280382e-07
          }
        },
        "tau20": 1.1587921733280382e-07
      }
    },
    "2": {
      "logsumexp": {
        "auroc": 0.31885517028081944,
        "tpr@osr": {
          "0.05": {
            "tpr": 0.014049586776859505,
            "threshold": 102.03193664550781
          },
          "0.1": {
            "tpr": 0.02768595041322314,
            "threshold": 87.05545043945312
          },
          "0.2": {
            "tpr": 0.07396694214876033,
            "threshold": 69.87882232666016
          }
        },
        "tau20": 69.87882232666016
      },
      "entropy": {
        "auroc": 0.7807923079031127,
        "tpr@osr": {
          "0.05": {
            "tpr": 0.5202479338842976,
            "threshold": 4.5426571778825996e-15
          },
          "0.1": {
            "tpr": 0.5752066115702479,
            "threshold": 2.3276476232569898e-11
          },
          "0.2": {
            "tpr": 0.6512396694214876,
            "threshold": 9.917856402807956e-08
          }
        },
        "tau20": 9.917856402807956e-08
      }
    },
    "3": {
      "logsumexp": {
        "auroc": 0.37526357411590605,
        "tpr@osr": {
          "0.05": {
            "tpr": 0.009504132231404958,
            "threshold": 160.90196228027344
          },
          "0.1": {
            "tpr": 0.02768595041322314,
            "threshold": 143.65875244140625
          },
          "0.2": {
            "tpr": 0.09462809917355372,
            "threshold": 120.23475646972656
          }
        },
        "tau20": 120.23475646972656
      },
      "entropy": {
        "auroc": 0.786013737565135,
        "tpr@osr": {
          "0.05": {
            "tpr": 0.5214876033057851,
            "threshold": 2.518681730174831e-19
          },
          "0.1": {
            "tpr": 0.5851239669421487,
            "threshold": 1.4484775005948677e-14
          },
          "0.2": {
            "tpr": 0.6595041322314049,
            "threshold": 8.775543625105797e-10
          }
        },
        "tau20": 8.775543625105797e-10
      }
    },
    "4": {
      "logsumexp": {
        "auroc": 0.3710784125654286,
        "tpr@osr": {
          "0.05": {
            "tpr": 0.014462809917355372,
            "threshold": 278.880615234375
          },
          "0.1": {
            "tpr": 0.03512396694214876,
            "threshold": 263.5633850097656
          },
          "0.2": {
            "tpr": 0.0834710743801653,
            "threshold": 240.95004272460938
          }
        },
        "tau20": 240.95004272460938
      },
      "entropy": {
        "auroc": 0.796980730608266,
        "tpr@osr": {
          "0.05": {
            "tpr": 0.5173553719008265,
            "threshold": 9.426572889326585e-26
          },
          "0.1": {
            "tpr": 0.5896694214876033,
            "threshold": 7.131556779677593e-19
          },
          "0.2": {
            "tpr": 0.6764462809917355,
            "threshold": 1.7419503339777265e-12
          }
        },
        "tau20": 1.7419503339777265e-12
      }
    },
    "5": {
      "logsumexp": {
        "auroc": 0.4721116955263848,
        "tpr@osr": {
          "0.05": {
            "tpr": 0.02024793388429752,
            "threshold": 447.59979248046875
          },
          "0.1": {
            "tpr": 0.05371900826446281,
            "threshold": 425.1356506347656
          },
          "0.2": {
            "tpr": 0.128099173553719,
            "threshold": 390.9183044433594
          }
        },
        "tau20": 390.9183044433594
      },
      "entropy": {
        "auroc": 0.7852614796168045,
        "tpr@osr": {
          "0.05": {
            "tpr": 0.4268595041322314,
            "threshold": 1.4538723801093556e-39
          },
          "0.1": {
            "tpr": 0.5289256198347108,
            "threshold": 2.367564300465746e-30
          },
          "0.2": {
            "tpr": 0.6574380165289256,
            "threshold": 4.966633928044895e-21
          }
        },
        "tau20": 4.966633928044895e-21
      }
    }
  },
  "gmm temperature": {
    "0": {
      "logsumexp": {
        "auroc": 0.3078588248881302,
        "tpr@osr": {
          "0.05": {
            "tpr": 0.017768595041322315,
            "threshold": 14.722539901733398
          },
          "0.1": {
            "tpr": 0.03429752066115702,
            "threshold": 13.86240291595459
          },
          "0.2": {
            "tpr": 0.07561983471074381,
            "threshold": 12.82820987701416
          }
        },
        "tau20": 12.82820987701416
      },
      "entropy": {
        "auroc": 0.771435328914658,
        "tpr@osr": {
          "0.05": {
            "tpr": 0.5045454545454545,
            "threshold": 0.3263699412345886
          },
          "0.1": {
            "tpr": 0.5665289256198347,
            "threshold": 0.6463690996170044
          },
          "0.2": {
            "tpr": 0.640495867768595,
            "threshold": 1.047558307647705
          }
        },
        "tau20": 1.047558307647705
      }
    },
    "1": {
      "logsumexp": {
        "auroc": 0.2986601763294197,
        "tpr@osr": {
          "0.05": {
            "tpr": 0.019421487603305785,
            "threshold": 10.263851165771484
          },
          "0.1": {
            "tpr": 0.03471074380165289,
            "threshold": 9.215829849243164
          },
          "0.2": {
            "tpr": 0.08099173553719008,
            "threshold": 7.968366622924805
          }
        },
        "tau20": 7.968366622924805
      },
      "entropy": {
        "auroc": 0.7733677196581464,
        "tpr@osr": {
          "0.05": {
            "tpr": 0.534297520661157,
            "threshold": 0.3417552709579468
          },
          "0.1": {
            "tpr": 0.5871900826446281,
            "threshold": 0.629676103591919
          },
          "0.2": {
            "tpr": 0.6458677685950414,
            "threshold": 0.9791325330734253
          }
        },
        "tau20": 0.9791325330734253
      }
    },
    "2": {
      "logsumexp": {
        "auroc": 0.28774022142966205,