{
  "gmm": {
    "0": {
      "logsumexp": {
        "auroc": 0.666914680189868,
        "tpr@osr": {
          "0.05": {
            "tpr": 0.21160241409040523,
            "threshold": 129.2198486328125
          },
          "0.1": {
            "tpr": 0.33513979554132284,
            "threshold": 113.1151123046875
          },
          "0.2": {
            "tpr": 0.4615100381820421,
            "threshold": 95.1004638671875
          }
        },
        "tau20": 95.1004638671875
      },
      "entropy": {
        "auroc": 0.5818712946009834,
        "tpr@osr": {
          "0.05": {
            "tpr": 0.15235866486020447,
            "threshold": -0.0
          },
          "0.1": {
            "tpr": 0.18573715974873753,
            "threshold": 9.192868250586881e-40
          },
          "0.2": {
            "tpr": 0.28550314078088435,
            "threshold": 1.5079533995342789e-30
          }
        },
        "tau20": 1.5079533995342789e-30
      }
    },
    "1": {
      "logsumexp": {
        "auroc": 0.6320173121926724,
        "tpr@osr": {
          "0.05": {
            "tpr": 0.16085724842960955,
            "threshold": 61.28321838378906
          },
          "0.1": {
            "tpr": 0.27983741840128096,
            "threshold": 44.96527099609375
          },
          "0.2": {
            "tpr": 0.4160610912673975,
            "threshold": 27.21783447265625
          }
        },
        "tau20": 27.21783447265625
      },
      "entropy": {
        "auroc": 0.6027354445768236,
        "tpr@osr": {
          "0.05": {
            "tpr": 0.15038797881512503,
            "threshold": -0.0
          },
          "0.1": {
            "tpr": 0.19731494026357926,
            "threshold": 4.926660926435728e-37
          },
          "0.2": {
            "tpr": 0.32011331444759206,
            "threshold": 9.302619113659449e-27
          }
        },
        "tau20": 9.302619113659449e-27
      }
    },
    "2": {
      "logsumexp": {
        "auroc": 0.6107726667385146,
        "tpr@osr": {
          "0.05": {
            "tpr": 0.14693927823623598,
            "threshold": 51.408416748046875
          },
          "0.1": {
            "tpr": 0.26062322946175637,
            "threshold": 36.738311767578125
          },
          "0.2": {
            "tpr": 0.4021431210740239,
            "threshold": 19.230892181396484
          }
        },
        "tau20": 19.230892181396484
      },
      "entropy": {
        "auroc": 0.6250502590078354,
        "tpr@osr": {
          "0.05": {
            "tpr": 0.16344377386377631,
            "threshold": -0.0
          },
          "0.1": {
            "tpr": 0.22983126000739007,
            "threshold": 1.099261131489688e-35
          },
          "0.2": {
            "tpr": 0.3559551668924744,
            "threshold": 9.846760266790139e-26
          }
        },
        "tau20": 9.846760266790139e-26
      }
    },
    "3": {
      "logsumexp": {
        "auroc": 0.6250287564426275,
        "tpr@osr": {
          "0.05": {
            "tpr": 0.09163690109619411,
            "threshold": 98.7757568359375
          },
          "0.1": {
            "tpr": 0.20987806380096072,
            "threshold": 78.34512329101562
          },
          "0.2": {
            "tpr": 0.38859465451410274,
            "threshold": 54.44921875
          }
        },
        "tau20": 54.44921875
      },
      "entropy": {
        "auroc": 0.6049594611879068,
        "tpr@osr": {
          "0.05": {
            "tpr": 0.0,
            "threshold": -Infinity
          },
          "0.1": {
            "tpr": 0.2113560783347703,
            "threshold": -0.0
          },
          "0.2": {
            "tpr": 0.327257051361005,
            "threshold": 2.647073100350456e-32
          }
        },
        "tau20": 2.647073100350456e-32
      }
    },
    "4": {
      "logsumexp": {
        "auroc": 0.60603995583721,
        "tpr@osr": {
          "0.05": {
            "tpr": 0.07353122305702672,
            "threshold": 203.72012329101562
          },
          "0.1": {
            "tpr": 0.14459908855770415,
            "threshold": 183.03564453125
          },
          "0.2": {
            "tpr": 0.2919078704273925,
            "threshold": 157.0006103515625
          }
        },
        "tau20": 157.0006103515625
      },
      "entropy": {
        "auroc": 0.6237105862790984,
        "tpr@osr": {
          "0.05": {
            "tpr": 0.0,
            "threshold": -Infinity
          },
          "0.1": {
            "tpr": 0.3281192265057273,
            "threshold": -0.0
          },
          "0.2": {
            "tpr": 0.36346840743933984,
            "threshold": 2.7690218174444115e-40
          }
        },
        "tau20": 2.7690218174444115e-40
      }
    },
    "5": {
      "logsumexp": {
        "auroc": 0.6441837300562783,
        "tpr@osr": {
          "0.05": {
            "tpr": 0.12033501662766351,
            "threshold": 334.4261474609375
          },
          "0.1": {
            "tpr": 0.2393151865993349,
            "threshold": 302.0049133300781
          },
          "0.2": {
            "tpr": 0.40682350043108756,
            "threshold": 262.352783203125
          }
        },
        "tau20": 262.352783203125
      },
      "entropy": {
        "auroc": 0.5716211216922319,
        "tpr@osr": {
          "0.05": {
            "tpr": 0.0,
            "threshold": -Infinity
          },
          "0.1": {
            "tpr": 0.0,
            "threshold": -Infinity
          },
          "0.2": {
            "tpr": 0.4569528267027959,
            "threshold": -0.0
          }
        },
        "tau20": -0.0
      }
    }
  },
  "gmm temperature": {
    "0": {
      "logsumexp": {
        "auroc": 0.6613877067207026,
        "tpr@osr": {
          "0.05": {
            "tpr": 0.20064047296465082,
            "threshold": 9.200272560119629
          },
          "0.1": {
            "tpr": 0.32146816110358417,
            "threshold": 8.131443977355957
          },
          "0.2": {
            "tpr": 0.4506712649341052,
            "threshold": 6.862279891967773
          }
        },
        "tau20": 6.862279891967773
      },
      "entropy": {
        "auroc": 0.5445465053483283,
        "tpr@osr": {
          "0.05": {
            "tpr": 0.10998891489099642,
            "threshold": 0.0036925864405930042
          },
          "0.1": {
            "tpr": 0.1737898756004434,
            "threshold": 0.014151927083730698
          },
          "0.2": {
            "tpr": 0.27146200270969334,
            "threshold": 0.05328534170985222
          }
        },
        "tau20": 0.05328534170985222
      }
    },
    "1": {
      "logsumexp": {
        "auroc": 0.6250393041725487,
        "tpr@osr": {
          "0.05": {
            "tpr": 0.14977213942603768,
            "threshold": 4.770701885223389
          },
          "0.1": {
            "tpr": 0.26665845547481215,
            "threshold": 3.5896964073181152
          },
          "0.2": {
            "tpr": 0.40399063924128586,
            "threshold": 2.268561363220215
          }
        },
        "tau20": 2.268561363220215
      },
      "entropy": {
        "auroc": 0.5717127944186002,
        "tpr@osr": {
          "0.05": {
            "tpr": 0.11947284148294125,
            "threshold": 0.002991023939102888
          },
          "0.1": {
            "tpr": 0.19448207907377757,
            "threshold": 0.017474768683314323
          },
          "0.2": {
            "tpr": 0.3027466436753295,
            "threshold": 0.07180573046207428
          }
        },
        "tau20": 0.07180573046207428
      }
    },
    "2": {
      "logsumexp": {
        "auroc": 0.6017796722076421,
        "tpr@osr": {
          "0.05": {
            "tpr": 0.14004187707845794,
            "threshold": 3.716296434402466
          },
          "0.1": {
            "tpr": 0.24030052962187462,