{
  "softmax": {
    "auroc": 0.706819353959792,
    "tpr@osr": {
      "0.05": {
        "tpr": 0.276133175845268,
        "threshold": 0.3767237067222595
      },
      "0.1": {
        "tpr": 0.3738742064077957,
        "threshold": 0.2802765667438507
      },
      "0.2": {
        "tpr": 0.5086741473497711,
        "threshold": 0.2060936838388443
      }
    },
    "tau20": 0.2060936838388443
  },
  "softmax lse entropy": {
    "logsumexp": {
      "auroc": 0.5400918230768073,
      "tpr@osr": {
        "0.05": {
          "tpr": 0.20884393917023475,
          "threshold": 0.5162407159805298
        },
        "0.1": {
          "tpr": 0.25158718440868155,
          "threshold": 0.21648430824279785
        },
        "0.2": {
          "tpr": 0.3216447659825779,
          "threshold": -0.09254312515258789
        }
      },
      "tau20": -0.09254312515258789
    },
    "entropy": {
      "auroc": 0.668540257095082,
      "tpr@osr": {
        "0.05": {
          "tpr": 0.26875092278163293,
          "threshold": 2.805647373199463
        },
        "0.1": {
          "tpr": 0.36302229440425215,
          "threshold": 3.079427719116211
        },
        "0.2": {
          "tpr": 0.47578620995127713,
          "threshold": 3.265284299850464
        }
      },
      "tau20": 3.265284299850464
    }
  },
  "softmax temperature": {
    "auroc": 0.7107079624942856,
    "tpr@osr": {
      "0.05": {
        "tpr": 0.2802047157740815,
        "threshold": 0.9922429919242859
      },
      "0.1": {
        "tpr": 0.3728020471577408,
        "threshold": 0.9691781401634216
      },
      "0.2": {
        "tpr": 0.5025041125936758,
        "threshold": 0.8851885795593262
      }
    },
    "tau20": 0.8851885795593262
  },
  "softmax temperature lse entropy": {
    "logsumexp": {
      "auroc": 0.6066649684365305,
      "tpr@osr": {
        "0.05": {
          "tpr": 0.23728751599341985,
          "threshold": -2.286423921585083
        },
        "0.1": {
          "tpr": 0.3020654359349296,
          "threshold": -3.9397037029266357
        },
        "0.2": {
          "tpr": 0.3897276549076951,
          "threshold": -5.419571399688721
        }
      },
      "tau20": -5.419571399688721
    },
    "entropy": {
      "auroc": 0.7133658439579578,
      "tpr@osr": {
        "0.05": {
          "tpr": 0.28155730213854874,
          "threshold": 0.060997121036052704
        },
        "0.1": {
          "tpr": 0.37539755072198866,
          "threshold": 0.19644761085510254
        },
        "0.2": {
          "tpr": 0.5100712849570462,
          "threshold": 0.5585492253303528
        }
      },
      "tau20": 0.5585492253303528
    }
  },
  "gmm": {
    "0": {
      "logsumexp": {
        "auroc": 0.566798472513909,
        "tpr@osr": {
          "0.05": {
            "tpr": 0.17772774250701315,
            "threshold": 163.0560302734375
          },
          "0.1": {
            "tpr": 0.24383581869186477,
            "threshold": 148.90664672851562
          },
          "0.2": {
            "tpr": 0.3401373099069836,
            "threshold": 130.02383422851562
          }
        },
        "tau20": 130.02383422851562
      },
      "entropy": {
        "auroc": 0.5789555378235278,
        "tpr@osr": {
          "0.05": {
            "tpr": 0.225970766277868,
            "threshold": -0.0
          },
          "0.1": {
            "tpr": 0.23084305329986712,
            "threshold": 8.533907647738136e-43
          },
          "0.2": {
            "tpr": 0.3272552783109405,
            "threshold": 2.4613213161133202e-29
          }
        },
        "tau20": 2.4613213161133202e-29
      }
    },
    "1": {
      "logsumexp": {
        "auroc": 0.5795425809313375,
        "tpr@osr": {
          "0.05": {
            "tpr": 0.17495939760815002,
            "threshold": 81.66952514648438
          },
          "0.1": {
            "tpr": 0.24726856636645506,
            "threshold": 67.87518310546875
          },
          "0.2": {
            "tpr": 0.34792558688911857,
            "threshold": 50.513214111328125
          }
        },
        "tau20": 50.513214111328125
      },
      "entropy": {
        "auroc": 0.5839772216918708,
        "tpr@osr": {
          "0.05": {
            "tpr": 0.2170751513361878,
            "threshold": -0.0
          },
          "0.1": {
            "tpr": 0.2570869629410896,
            "threshold": 3.320129768797077e-36
          },
          "0.2": {
            "tpr": 0.34360696884689207,
            "threshold": 1.709668041303971e-26
          }
        },
        "tau20": 1.709668041303971e-26
      }
    },
    "2": {
      "logsumexp": {
        "auroc": 0.5565155948480551,
        "tpr@osr": {
          "0.05": {
            "tpr": 0.17872434667060386,
            "threshold": 70.88397216796875
          },
          "0.1": {
            "tpr": 0.24830208179536395,
            "threshold": 54.6768798828125
          },
          "0.2": {
            "tpr": 0.34497268566366457,
            "threshold": 34.12847900390625
          }
        },
        "tau20": 34.12847900390625
      },
      "entropy": {
        "auroc": 0.5828234603789686,
        "tpr@osr": {
          "0.05": {
            "tpr": 0.24623505093754613,
            "threshold": -0.0
          },
          "0.1": {
            "tpr": 0.2604827993503617,
            "threshold": 4.2506987616829e-41
          },
          "0.2": {
            "tpr": 0.3450095969289827,
            "threshold": 9.290095483362173e-30
          }
        },
        "tau20": 9.290095483362173e-30
      }
    },
    "3": {
      "logsumexp": {
        "auroc": 0.5605969813306788,
        "tpr@osr": {
          "0.05": {
            "tpr": 0.1874354052856932,
            "threshold": 109.70089721679688
          },
          "0.1": {
            "tpr": 0.26624095673999704,
            "threshold": 88.455322265625
          },
          "0.2": {
            "tpr": 0.3650524139967518,
            "threshold": 64.67791748046875
          }
        },
        "tau20": 64.67791748046875
      },
      "entropy": {
        "auroc": 0.6019001795187382,
        "tpr@osr": {
          "0.05": {
            "tpr": 0.0,
            "threshold": -Infinity
          },
          "0.1": {
            "tpr": 0.3062158570795807,
            "threshold": -0.0
          },
          "0.2": {
            "tpr": 0.3767163738372951,
            "threshold": 1.0880310508008821e-33
          }
        },
        "tau20": 1.0880310508008821e-33
      }
    },
    "4": {
      "logsumexp": {
        "auroc": 0.5860924906265023,
        "tpr@osr": {
          "0.05": {
            "tpr": 0.17152664993355973,
            "threshold": 215.0252685546875
          },
          "0.1": {
            "tpr": 0.2552413996751809,
            "threshold": 192.6693115234375
          },
          "0.2": {
            "tpr": 0.3715857079580688,
            "threshold": 163.49020385742188
          }
        },
        "tau20": 163.49020385742188
      },
      "entropy": {
        "auroc": 0.5805593484557883,
        "tpr@osr": {
          "0.05": {
            "tpr": 0.0,
            "threshold": -Infinity
          },
          "0.1": {
            "tpr": 0.0,
            "threshold": -Infinity
          },
          "0.2": {
            "tpr": 0.3767163738372951,
            "threshold": -0.0
          }
        },
        "tau20": -0.0
      }
    },
    "5": {
      "logsumexp": {
        "auroc": 0.6204962549898181,
        "tpr@osr": {
          "0.05": {
            "tpr": 0.206998375904326,
            "threshold": 343.34375
          },
          "0.1": {
            "tpr": 0.27956592351985826,
            "threshold": 318.44256591796875
          },
          "0.2": {
            "tpr": 0.3939908460062011,
            "threshold": 285.5892639160156
          }
        },
        "tau20": 285.5892639160156
      },
      "entropy": {
        "auroc": 0.5842792000668792,