{
  "baseline_closed_map": 0.5195755682615698,
  "softmax": {
    "auroc": 0.8717536880385579,
    "tpr@osr": {
      "0.05": {
        "tpr": 0.7211597779148674,
        "threshold": 0.6385126113891602
      },
      "0.1": {
        "tpr": 0.7610528480361917,
        "threshold": 0.5696424245834351
      },
      "0.2": {
        "tpr": 0.8044417026526836,
        "threshold": 0.48328450322151184
      }
    },
    "tau20": 0.48328450322151184,
    "closed_map": 0.5195755682615698,
    "open_map": 0.5663731464759292
  },
  "softmax lse entropy": {
    "logsumexp": {
      "auroc": 0.8143626813033276,
      "tpr@osr": {
        "0.05": {
          "tpr": 0.6549455068887517,
          "threshold": 0.703506350517273
        },
        "0.1": {
          "tpr": 0.6915484268969772,
          "threshold": 0.4716688394546509
        },
        "0.2": {
          "tpr": 0.7242442936458976,
          "threshold": 0.18841087818145752
        }
      },
      "tau20": 0.18841087818145752
    },
    "entropy": {
      "auroc": 0.9101875991199976,
      "tpr@osr": {
        "0.05": {
          "tpr": 0.796421961752005,
          "threshold": 0.2533756494522095
        },
        "0.1": {
          "tpr": 0.8221262595105902,
          "threshold": 0.3185696005821228
        },
        "0.2": {
          "tpr": 0.8465967509767633,
          "threshold": 0.39612340927124023
        }
      },
      "tau20": 0.39612340927124023
    }
  },
  "softmax temperature": {
    "auroc": 0.9161162815386249,
    "tpr@osr": {
      "0.05": {
        "tpr": 0.7428783750309635,
        "threshold": 0.9964589476585388
      },
      "0.1": {
        "tpr": 0.8347783007183552,
        "threshold": 0.9772422313690186
      },
      "0.2": {
        "tpr": 0.8848154570225415,
        "threshold": 0.9202172756195068
      }
    },
    "tau20": 0.9202172756195068
  },
  "softmax temperature lse entropy": {
    "logsumexp": {
      "auroc": 0.8705736225627234,
      "tpr@osr": {
        "0.05": {
          "tpr": 0.7478325489224672,
          "threshold": 4.414602756500244
        },
        "0.1": {
          "tpr": 0.8005945008669805,
          "threshold": 2.9158172607421875
        },
        "0.2": {
          "tpr": 0.8370076789695319,
          "threshold": 1.5592511892318726
        }
      },
      "tau20": 1.5592511892318726
    },
    "entropy": {
      "auroc": 0.9390509218302134,
      "tpr@osr": {
        "0.05": {
          "tpr": 0.8687143918751549,
          "threshold": 3.6443072986003244e-06
        },
        "0.1": {
          "tpr": 0.8976963091404508,
          "threshold": 3.680684312712401e-05
        },
        "0.2": {
          "tpr": 0.9110725786475106,
          "threshold": 0.00043470339733175933
        }
      },
      "tau20": 0.00043470339733175933
    }
  },
  "gmm": {
    "0": {
      "logsumexp": {
        "auroc": 0.8261204609027069,
        "tpr@osr": {
          "0.05": {
            "tpr": 0.5568579066419905,
            "threshold": 383.9144287109375
          },
          "0.1": {
            "tpr": 0.6189594900267325,
            "threshold": 370.5271911621094
          },
          "0.2": {
            "tpr": 0.6857906641990541,
            "threshold": 353.35174560546875
          }
        },
        "tau20": 353.35174560546875
      },
      "entropy": {
        "auroc": 0.7414405568748081,
        "tpr@osr": {
          "0.05": {
            "tpr": 0.0,
            "threshold": -Infinity
          },
          "0.1": {
            "tpr": 0.0,
            "threshold": -Infinity
          },
          "0.2": {
            "tpr": 0.0,
            "threshold": -Infinity
          }
        },
        "tau20": -Infinity
      }
    },
    "1": {
      "logsumexp": {
        "auroc": 0.8345155549733942,
        "tpr@osr": {
          "0.05": {
            "tpr": 0.5903763109191857,
            "threshold": 297.8684997558594
          },
          "0.1": {
            "tpr": 0.6485708410446227,
            "threshold": 284.2940979003906
          },
          "0.2": {
            "tpr": 0.7328809376927823,
            "threshold": 262.60467529296875
          }
        },
        "tau20": 262.60467529296875
      },
      "entropy": {
        "auroc": 0.7866730786565596,
        "tpr@osr": {
          "0.05": {
            "tpr": 0.0,
            "threshold": -Infinity
          },
          "0.1": {
            "tpr": 0.0,
            "threshold": -Infinity
          },
          "0.2": {
            "tpr": 0.9002673246966892,
            "threshold": -0.0
          }
        },
        "tau20": -0.0
      }
    },
    "2": {
      "logsumexp": {
        "auroc": 0.8211144608858053,
        "tpr@osr": {
          "0.05": {
            "tpr": 0.6045650832819247,
            "threshold": 390.7783203125
          },
          "0.1": {
            "tpr": 0.6553567756528892,
            "threshold": 372.5948181152344
          },
          "0.2": {
            "tpr": 0.711700596339708,
            "threshold": 346.6534118652344
          }
        },
        "tau20": 346.6534118652344
      },
      "entropy": {
        "auroc": 0.6510857248893658,
        "tpr@osr": {
          "0.05": {
            "tpr": 0.0,
            "threshold": -Infinity
          },
          "0.1": {
            "tpr": 0.0,
            "threshold": -Infinity
          },
          "0.2": {
            "tpr": 0.0,
            "threshold": -Infinity
          }
        },
        "tau20": -Infinity
      }
    },
    "3": {
      "logsumexp": {
        "auroc": 0.8331248820419213,
        "tpr@osr": {
          "0.05": {
            "tpr": 0.634793337446021,
            "threshold": 473.0343017578125
          },
          "0.1": {
            "tpr": 0.6878470080197409,
            "threshold": 447.984375
          },
          "0.2": {
            "tpr": 0.7464528069093153,
            "threshold": 413.8673095703125
          }
        },
        "tau20": 413.8673095703125
      },
      "entropy": {
        "auroc": 0.5977456978752052,
        "tpr@osr": {
          "0.05": {
            "tpr": 0.0,
            "threshold": -Infinity
          },
          "0.1": {
            "tpr": 0.0,
            "threshold": -Infinity
          },
          "0.2": {
            "tpr": 0.0,
            "threshold": -Infinity
          }
        },
        "tau20": -Infinity
      }
    },
    "4": {
      "logsumexp": {
        "auroc": 0.845676854019307,
        "tpr@osr": {
          "0.05": {
            "tpr": 0.6561793131811638,
            "threshold": 513.9358520507812
          },
          "0.1": {
            "tpr": 0.7059428336417849,
            "threshold": 490.01971435546875
          },
          "0.2": {
            "tpr": 0.7622866543286038,
            "threshold": 444.6698913574219
          }
        },
        "tau20": 444.6698913574219
      },
      "entropy": {
        "auroc": 0.5847256788047291,
        "tpr@osr": {
          "0.05": {
            "tpr": 0.0,
            "threshold": -Infinity
          },
          "0.1": {
            "tpr": 0.0,
            "threshold": -Infinity
          },
          "0.2": {
            "tpr": 0.0,
            "threshold": -Infinity
          }
        },
        "tau20": -Infinity
      }
    },
    "5": {
      "logsumexp": {
        "auroc": 0.842340048845208,
        "tpr@osr": {
          "0.05": {
            "tpr": 0.5568579066419905,
            "threshold": 692.2550659179688
          },
          "0.1": {
            "tpr": 0.6703680855439029,
            "threshold": 658.3759155273438
          },
          "0.2": {
            "tpr": 0.7526218383713756,
            "threshold": 613.3565063476562
          }
        },
        "tau20": 613.3565063476562
      },
      "entropy": {
        "auroc": 0.5616672511753554,
        "tpr@osr": {
          "0.05": {
            "tpr": 0.0,
            "threshold": -Infinity
          },
          "0.1": {
            "tpr": 0.0,