{
  "softmax": {
    "auroc": 0.6955093593456112,
    "tpr@osr": {
      "0.05": {
        "tpr": 0.28833600197068604,
        "threshold": 0.834023118019104
      },
      "0.1": {
        "tpr": 0.3877324793693805,
        "threshold": 0.6971119046211243
      },
      "0.2": {
        "tpr": 0.5142258898879172,
        "threshold": 0.48960235714912415
      }
    },
    "tau20": 0.48960235714912415
  },
  "softmax lse entropy": {
    "logsumexp": {
      "auroc": 0.6678672327257051,
      "tpr@osr": {
        "0.05": {
          "tpr": 0.29708092129572605,
          "threshold": 1.6686058044433594
        },
        "0.1": {
          "tpr": 0.38021923882251507,
          "threshold": 1.1588259935379028
        },
        "0.2": {
          "tpr": 0.47210247567434416,
          "threshold": 0.6550421714782715
        }
      },
      "tau20": 0.6550421714782715
    },
    "entropy": {
      "auroc": 0.7169889362085137,
      "tpr@osr": {
        "0.05": {
          "tpr": 0.3366178100751324,
          "threshold": 1.2503550052642822
        },
        "0.1": {
          "tpr": 0.42640719300406454,
          "threshold": 2.020815372467041
        },
        "0.2": {
          "tpr": 0.5324547358049021,
          "threshold": 2.6474788188934326
        }
      },
      "tau20": 2.6474788188934326
    }
  },
  "softmax temperature": {
    "auroc": 0.6995266764324353,
    "tpr@osr": {
      "0.05": {
        "tpr": 0.18415551839464883,
        "threshold": 0.9997968077659607
      },
      "0.1": {
        "tpr": 0.3137541806020067,
        "threshold": 0.999290943145752
      },
      "0.2": {
        "tpr": 0.5087792642140468,
        "threshold": 0.9927364587783813
      }
    },
    "tau20": 0.9927364587783813
  },
  "softmax temperature lse entropy": {
    "logsumexp": {
      "auroc": 0.7192619387634298,
      "tpr@osr": {
        "0.05": {
          "tpr": 0.24540133779264214,
          "threshold": 7.878931522369385
        },
        "0.1": {
          "tpr": 0.36998327759197325,
          "threshold": 6.536268711090088
        },
        "0.2": {
          "tpr": 0.5434782608695652,
          "threshold": 4.047344207763672
        }
      },
      "tau20": 4.047344207763672
    },
    "entropy": {
      "auroc": 0.7721377674845354,
      "tpr@osr": {
        "0.05": {
          "tpr": 0.36601170568561875,
          "threshold": 4.231675120536238e-06
        },
        "0.1": {
          "tpr": 0.4701086956521739,
          "threshold": 2.7114736440125853e-05
        },
        "0.2": {
          "tpr": 0.6302257525083612,
          "threshold": 0.000878612045198679
        }
      },
      "tau20": 0.000878612045198679
    }
  },
  "gmm": {
    "0": {
      "logsumexp": {
        "auroc": 0.6866615850047846,
        "tpr@osr": {
          "0.05": {
            "tpr": 0.1613499199408794,
            "threshold": 183.70132446289062
          },
          "0.1": {
            "tpr": 0.2799605862790984,
            "threshold": 165.02073669433594
          },
          "0.2": {
            "tpr": 0.43268875477275526,
            "threshold": 140.70046997070312
          }
        },
        "tau20": 140.70046997070312
      },
      "entropy": {
        "auroc": 0.6368330725885151,
        "tpr@osr": {
          "0.05": {
            "tpr": 0.0,
            "threshold": -Infinity
          },
          "0.1": {
            "tpr": 0.0,
            "threshold": -Infinity
          },
          "0.2": {
            "tpr": 0.5037566202734327,
            "threshold": -0.0
          }
        },
        "tau20": -0.0
      }
    },
    "1": {
      "logsumexp": {
        "auroc": 0.6788113352345401,
        "tpr@osr": {
          "0.05": {
            "tpr": 0.1730508683335386,
            "threshold": 100.4227294921875
          },
          "0.1": {
            "tpr": 0.28193127232417786,
            "threshold": 83.782958984375
          },
          "0.2": {
            "tpr": 0.42431333908116764,
            "threshold": 63.185028076171875
          }
        },
        "tau20": 63.185028076171875
      },
      "entropy": {
        "auroc": 0.654502074608942,
        "tpr@osr": {
          "0.05": {
            "tpr": 0.0,
            "threshold": -Infinity
          },
          "0.1": {
            "tpr": 0.47567434413105064,
            "threshold": -0.0
          },
          "0.2": {
            "tpr": 0.47567434413105064,
            "threshold": -0.0
          }
        },
        "tau20": -0.0
      }
    },
    "2": {
      "logsumexp": {
        "auroc": 0.6693970976792329,
        "tpr@osr": {
          "0.05": {
            "tpr": 0.17280453257790368,
            "threshold": 95.89804077148438
          },
          "0.1": {
            "tpr": 0.3059490084985836,
            "threshold": 74.2960205078125
          },
          "0.2": {
            "tpr": 0.46212587757112944,
            "threshold": 48.27423095703125
          }
        },
        "tau20": 48.27423095703125
      },
      "entropy": {
        "auroc": 0.648534946220641,
        "tpr@osr": {
          "0.05": {
            "tpr": 0.0,
            "threshold": -Infinity
          },
          "0.1": {
            "tpr": 0.0,
            "threshold": -Infinity
          },
          "0.2": {
            "tpr": 0.4839265919448208,
            "threshold": -0.0
          }
        },
        "tau20": -0.0
      }
    },
    "3": {
      "logsumexp": {
        "auroc": 0.684795451019451,
        "tpr@osr": {
          "0.05": {
            "tpr": 0.19312723241778545,
            "threshold": 134.52374267578125
          },
          "0.1": {
            "tpr": 0.32146816110358417,
            "threshold": 111.1705322265625
          },
          "0.2": {
            "tpr": 0.4776450301761301,
            "threshold": 80.1251220703125
          }
        },
        "tau20": 80.1251220703125
      },
      "entropy": {
        "auroc": 0.6391455420926222,
        "tpr@osr": {
          "0.05": {
            "tpr": 0.0,
            "threshold": -Infinity
          },
          "0.1": {
            "tpr": 0.0,
            "threshold": -Infinity
          },
          "0.2": {
            "tpr": 0.5335632467052592,
            "threshold": -0.0
          }
        },
        "tau20": -0.0
      }
    },
    "4": {
      "logsumexp": {
        "auroc": 0.6814445667569897,
        "tpr@osr": {
          "0.05": {
            "tpr": 0.1550683581721887,
            "threshold": 242.850341796875
          },
          "0.1": {
            "tpr": 0.2895676807488607,
            "threshold": 213.8380126953125
          },
          "0.2": {
            "tpr": 0.4584308412366055,
            "threshold": 178.5927734375
          }
        },
        "tau20": 178.5927734375
      },
      "entropy": {
        "auroc": 0.6236317928861076,
        "tpr@osr": {
          "0.05": {
            "tpr": 0.0,
            "threshold": -Infinity
          },
          "0.1": {
            "tpr": 0.0,
            "threshold": -Infinity
          },
          "0.2": {
            "tpr": 0.6030299297943097,
            "threshold": -0.0
          }
        },
        "tau20": -0.0
      }
    },
    "5": {
      "logsumexp": {
        "auroc": 0.6999252998664103,
        "tpr@osr": {
          "0.05": {
            "tpr": 0.2521246458923513,
            "threshold": 368.0943908691406
          },
          "0.1": {
            "tpr": 0.35201379480231554,
            "threshold": 338.7845458984375
          },
          "0.2": {
            "tpr": 0.4983372336494642,
            "threshold": 293.39208984375
          }
        },
        "tau20": 293.39208984375
      },