{
  "gmm temperature": {
    "0": {
      "logsumexp": {
        "auroc": 0.44020292441336706,
        "tpr@osr": {
          "0.05": {
            "tpr": 0.05439040583183226,
            "threshold": 6.6144118309021
          },
          "0.1": {
            "tpr": 0.0986449348389025,
            "threshold": 5.6479597091674805
          },
          "0.2": {
            "tpr": 0.17911300497536126,
            "threshold": 4.3985795974731445
          }
        },
        "tau20": 4.3985795974731445,
        "closed_map": 0.45927870258743647,
        "open_map": 0.5515334587934936
      },
      "entropy": {
        "auroc": 0.5169662765869394,
        "tpr@osr": {
          "0.05": {
            "tpr": 0.06079674551595898,
            "threshold": 0.044177860021591187
          },
          "0.1": {
            "tpr": 0.09909724040702211,
            "threshold": 0.07644201070070267
          },
          "0.2": {
            "tpr": 0.1909417213533194,
            "threshold": 0.13476042449474335
          }
        },
        "tau20": 0.13476042449474335,
        "closed_map": 0.5193997158535482,
        "open_map": 0.568758137686016
      }
    },
    "1": {
      "logsumexp": {
        "auroc": 0.39191162408767893,
        "tpr@osr": {
          "0.05": {
            "tpr": 0.04422278826544782,
            "threshold": 8.796223640441895
          },
          "0.1": {
            "tpr": 0.07859272131893362,
            "threshold": 7.912487983703613
          },
          "0.2": {
            "tpr": 0.1444679854944811,
            "threshold": 6.808746337890625
          }
        },
        "tau20": 6.808746337890625
      },
      "entropy": {
        "auroc": 0.5706110188920592,
        "tpr@osr": {
          "0.05": {
            "tpr": 0.10791058633084961,
            "threshold": 0.06312061101198196
          },
          "0.1": {
            "tpr": 0.1842629403036002,
            "threshold": 0.089467853307724
          },
          "0.2": {
            "tpr": 0.3043593263556603,
            "threshold": 0.1277790367603302
          }
        },
        "tau20": 0.1277790367603302,
        "closed_map": 0.5196087736591075,
        "open_map": 0.5664850898592312
      }
    },
    "2": {
      "logsumexp": {
        "auroc": 0.3789952099380073,
        "tpr@osr": {
          "0.05": {
            "tpr": 0.03085729098060376,
            "threshold": 6.381794452667236
          },
          "0.1": {
            "tpr": 0.051298328585447396,
            "threshold": 5.470468044281006
          },
          "0.2": {
            "tpr": 0.10534752144483855,
            "threshold": 4.114856719970703
          }
        },
        "tau20": 4.114856719970703
      },
      "entropy": {
        "auroc": 0.6776692844748968,
        "tpr@osr": {
          "0.05": {
            "tpr": 0.14230432494055223,
            "threshold": 7.097581146808807e-06
          },
          "0.1": {
            "tpr": 0.27539589962519473,
            "threshold": 9.941650205291808e-05
          },
          "0.2": {
            "tpr": 0.46069041403152383,
            "threshold": 0.0011506177252158523
          }
        },
        "tau20": 0.0011506177252158523,
        "closed_map": 0.5129024021641682,
        "open_map": 0.567294568755778
      }
    },
    "3": {
      "logsumexp": {
        "auroc": 0.20692116491362655,
        "tpr@osr": {
          "0.05": {
            "tpr": 0.018097512848387703,
            "threshold": 7.1725172996521
          },
          "0.1": {
            "tpr": 0.02805881559422636,
            "threshold": 6.290642261505127
          },
          "0.2": {
            "tpr": 0.04630180684171686,
            "threshold": 5.286254405975342
          }
        },
        "tau20": 5.286254405975342
      },
      "entropy": {
        "auroc": 0.6731993611240995,
        "tpr@osr": {
          "0.05": {
            "tpr": 0.2120255089760172,
            "threshold": 0.011898224242031574
          },
          "0.1": {
            "tpr": 0.31067837900032536,
            "threshold": 0.03685014322400093
          },
          "0.2": {
            "tpr": 0.45446129348812236,
            "threshold": 0.10323023796081543
          }
        },
        "tau20": 0.10323023796081543,
        "closed_map": 0.5195048310091275,
        "open_map": 0.5668489299234376
      }
    },
    "4": {
      "logsumexp": {
        "auroc": 0.22312234618846793,
        "tpr@osr": {
          "0.05": {
            "tpr": 0.027027241491497447,
            "threshold": 3.956578493118286
          },
          "0.1": {
            "tpr": 0.039022596762973365,
            "threshold": 2.83341121673584
          },
          "0.2": {
            "tpr": 0.060788810330553375,
            "threshold": 1.3666408061981201
          }
        },
        "tau20": 1.3666408061981201
      },
      "entropy": {
        "auroc": 0.810125571195633,
        "tpr@osr": {
          "0.05": {
            "tpr": 0.44553685496861634,
            "threshold": 3.2593954529147595e-05
          },
          "0.1": {
            "tpr": 0.5475701139757131,
            "threshold": 0.00019928536494262516
          },
          "0.2": {
            "tpr": 0.6843303893795478,
            "threshold": 0.0014616555999964476
          }
        },
        "tau20": 0.0014616555999964476,
        "closed_map": 0.5035624964643154,
        "open_map": 0.5622366599919054
      }
    },
    "5": {
      "logsumexp": {
        "auroc": 0.200984528672978,
        "tpr@osr": {
          "0.05": {
            "tpr": 0.021234556145404336,
            "threshold": 8.647400856018066
          },
          "0.1": {
            "tpr": 0.0353935719708091,
            "threshold": 7.431696891784668
          },
          "0.2": {
            "tpr": 0.06256364679960748,
            "threshold": 5.518496513366699
          }
        },
        "tau20": 5.518496513366699
      },
      "entropy": {
        "auroc": 0.7749990969082018,
        "tpr@osr": {
          "0.05": {
            "tpr": 0.37995783771487823,
            "threshold": 7.000854702812059e-14
          },
          "0.1": {
            "tpr": 0.5032944244742278,
            "threshold": 7.221037136295738e-12
          },
          "0.2": {
            "tpr": 0.6375366010426834,
            "threshold": 1.0930245597506882e-09
          }
        },
        "tau20": 1.0930245597506882e-09
      }
    }
  },
  "gmm per class": {
    "2": {
      "auroc": 0.8428061109078097,
      "tpr@osr": {
        "0.05": {
          "tpr": 0.5069128690191846,
          "threshold": 3.50151786905617e-12
        },
        "0.1": {
          "tpr": 0.6368250794179806,
          "threshold": 9.205655682187341e-10
        },
        "0.2": {
          "tpr": 0.7509251103652037,
          "threshold": 6.946698505316817e-08
        }
      },
      "tau20": 6.946698505316817e-08,
      "closed_map": 0.48575938767187693,
      "open_map": 0.565855824193876
    },
    "3": {
      "auroc": 0.8308620668726459,
      "tpr@osr": {
        "0.05": {
          "tpr": 0.4624864109949929,
          "threshold": 8.16628117277456e-16
        },
        "0.1": {
          "tpr": 0.6004845753221024,
          "threshold": 1.4914873806490259e-12
        },
        "0.2": {
          "tpr": 0.7273893504521733,
          "threshold": 4.99828289868276e-10
        }
      },
      "tau20": 4.99828289868276e-10
    },
    "4": {
      "auroc": 0.8082388399270701,
      "tpr@osr": {
        "0.05": {
          "tpr": 0.416689810957433,
          "threshold": 1.0856434197362705e-33
        },
        "0.1": {
          "tpr": 0.5596739167810656,
          "threshold": 5.748234050011954e-26
        },
        "0.2": {
          "tpr": 0.7023088744468514,
          "threshold": 1.004338142837451e-19
        }
      },
      "tau20": 1.004338142837451e-19
    }
  }
}