{
  "softmax": {
    "auroc": 0.6847059085599332,
    "tpr@osr": {
      "0.05": {
        "tpr": 0.24781377016873998,
        "threshold": 0.8700480461120605
      },
      "0.1": {
        "tpr": 0.36346840743933984,
        "threshold": 0.7420030832290649
      },
      "0.2": {
        "tpr": 0.5038797881512501,
        "threshold": 0.5016757249832153
      }
    },
    "tau20": 0.5016757249832153
  },
  "softmax lse entropy": {
    "logsumexp": {
      "auroc": 0.6312273114370629,
      "tpr@osr": {
        "0.05": {
          "tpr": 0.24522724473457322,
          "threshold": 1.9908415079116821
        },
        "0.1": {
          "tpr": 0.35028944451287103,
          "threshold": 1.3317561149597168
        },
        "0.2": {
          "tpr": 0.46532824239438353,
          "threshold": 0.6924575567245483
        }
      },
      "tau20": 0.6924575567245483
    },
    "entropy": {
      "auroc": 0.6222292916562254,
      "tpr@osr": {
        "0.05": {
          "tpr": 0.23562015026481092,
          "threshold": 0.615990400314331
        },
        "0.1": {
          "tpr": 0.34314570759945806,
          "threshold": 1.2957909107208252
        },
        "0.2": {
          "tpr": 0.46027835940386747,
          "threshold": 2.2493185997009277
        }
      },
      "tau20": 2.2493185997009277
    }
  },
  "softmax temperature": {
    "auroc": 0.6863972992585952,
    "tpr@osr": {
      "0.05": {
        "tpr": 0.19586120401337792,
        "threshold": 0.9997718930244446
      },
      "0.1": {
        "tpr": 0.3012123745819398,
        "threshold": 0.9993748068809509
      },
      "0.2": {
        "tpr": 0.4604933110367893,
        "threshold": 0.9962643980979919
      }
    },
    "tau20": 0.9962643980979919
  },
  "softmax temperature lse entropy": {
    "logsumexp": {
      "auroc": 0.657575752341013,
      "tpr@osr": {
        "0.05": {
          "tpr": 0.19418896321070234,
          "threshold": 8.36046028137207
        },
        "0.1": {
          "tpr": 0.2999581939799331,
          "threshold": 7.327511310577393
        },
        "0.2": {
          "tpr": 0.4508779264214047,
          "threshold": 5.496832847595215
        }
      },
      "tau20": 5.496832847595215
    },
    "entropy": {
      "auroc": 0.647111885147714,
      "tpr@osr": {
        "0.05": {
          "tpr": 0.1757943143812709,
          "threshold": 3.320874668588658e-07
        },
        "0.1": {
          "tpr": 0.28198160535117056,
          "threshold": 1.1981414900219534e-06
        },
        "0.2": {
          "tpr": 0.4391722408026756,
          "threshold": 1.4408879906113725e-05
        }
      },
      "tau20": 1.4408879906113725e-05
    }
  },
  "gmm": {
    "0": {
      "logsumexp": {
        "auroc": 0.4688156051911902,
        "tpr@osr": {
          "0.05": {
            "tpr": 0.06934351521123291,
            "threshold": 205.35684204101562
          },
          "0.1": {
            "tpr": 0.12267520630619534,
            "threshold": 191.18017578125
          },
          "0.2": {
            "tpr": 0.21542061830274664,
            "threshold": 174.84124755859375
          }
        },
        "tau20": 174.84124755859375
      },
      "entropy": {
        "auroc": 0.6296389069227768,
        "tpr@osr": {
          "0.05": {
            "tpr": 0.0,
            "threshold": -Infinity
          },
          "0.1": {
            "tpr": 0.0,
            "threshold": -Infinity
          },
          "0.2": {
            "tpr": 0.5070821529745042,
            "threshold": -0.0
          }
        },
        "tau20": -0.0
      }
    },
    "1": {
      "logsumexp": {
        "auroc": 0.47645390674634086,
        "tpr@osr": {
          "0.05": {
            "tpr": 0.07513240546865378,
            "threshold": 121.6644287109375
          },
          "0.1": {
            "tpr": 0.13142012563123537,
            "threshold": 108.15496826171875
          },
          "0.2": {
            "tpr": 0.2268752309397709,
            "threshold": 92.30661010742188
          }
        },
        "tau20": 92.30661010742188
      },
      "entropy": {
        "auroc": 0.6191860706428645,
        "tpr@osr": {
          "0.05": {
            "tpr": 0.0,
            "threshold": -Infinity
          },
          "0.1": {
            "tpr": 0.0,
            "threshold": -Infinity
          },
          "0.2": {
            "tpr": 0.4849119349673605,
            "threshold": -0.0
          }
        },
        "tau20": -0.0
      }
    },
    "2": {
      "logsumexp": {
        "auroc": 0.49757961656393535,
        "tpr@osr": {
          "0.05": {
            "tpr": 0.0825224781377017,
            "threshold": 117.28994750976562
          },
          "0.1": {
            "tpr": 0.14398324916861682,
            "threshold": 101.0552978515625
          },
          "0.2": {
            "tpr": 0.2559428501046927,
            "threshold": 82.27999877929688
          }
        },
        "tau20": 82.27999877929688
      },
      "entropy": {
        "auroc": 0.6046960805482136,
        "tpr@osr": {
          "0.05": {
            "tpr": 0.0,
            "threshold": -Infinity
          },
          "0.1": {
            "tpr": 0.0,
            "threshold": -Infinity
          },
          "0.2": {
            "tpr": 0.4888533070575194,
            "threshold": -0.0
          }
        },
        "tau20": -0.0
      }
    },
    "3": {
      "logsumexp": {
        "auroc": 0.5067645317929614,
        "tpr@osr": {
          "0.05": {
            "tpr": 0.07537874122428871,
            "threshold": 163.98245239257812
          },
          "0.1": {
            "tpr": 0.1380711910333785,
            "threshold": 146.13247680664062
          },
          "0.2": {
            "tpr": 0.25508067495997044,
            "threshold": 123.27828979492188
          }
        },
        "tau20": 123.27828979492188
      },
      "entropy": {
        "auroc": 0.5964647486875171,
        "tpr@osr": {
          "0.05": {
            "tpr": 0.0,
            "threshold": -Infinity
          },
          "0.1": {
            "tpr": 0.0,
            "threshold": -Infinity
          },
          "0.2": {
            "tpr": 0.5407069836186722,
            "threshold": -0.0
          }
        },
        "tau20": -0.0
      }
    },
    "4": {
      "logsumexp": {
        "auroc": 0.4904063563190093,
        "tpr@osr": {
          "0.05": {
            "tpr": 0.06318512132035965,
            "threshold": 280.63812255859375
          },
          "0.1": {
            "tpr": 0.10986574701317896,
            "threshold": 257.616455078125
          },
          "0.2": {
            "tpr": 0.2187461510038182,
            "threshold": 228.70986938476562
          }
        },
        "tau20": 228.70986938476562
      },
      "entropy": {
        "auroc": 0.5860420634582377,
        "tpr@osr": {
          "0.05": {
            "tpr": 0.0,
            "threshold": -Infinity
          },
          "0.1": {
            "tpr": 0.0,
            "threshold": -Infinity
          },
          "0.2": {
            "tpr": 0.0,
            "threshold": -Infinity
          }
        },
        "tau20": -Infinity
      }
    },
    "5": {
      "logsumexp": {
        "auroc": 0.526433957304716,
        "tpr@osr": {
          "0.05": {
            "tpr": 0.08264564601551916,
            "threshold": 428.7253723144531
          },
          "0.1": {
            "tpr": 0.1465697746027836,
            "threshold": 396.03326416015625
          },
          "0.2": {
            "tpr": 0.2894445128710432,
            "threshold": 358.1787109375
          }
        },
        "tau20": 358.1787109375
      },