{
  "baseline_closed_map": 0.5419115276497216,
  "softmax": {
    "auroc": 0.08061604407754812,
    "tpr@osr": {
      "0.05": {
        "tpr": 0.01585938327235079,
        "threshold": 0.111821748316288
      },
      "0.1": {
        "tpr": 0.019024200854147792,
        "threshold": 0.07380883395671844
      },
      "0.2": {
        "tpr": 0.026948009929762227,
        "threshold": 0.045039378106594086
      }
    },
    "tau20": 0.045039378106594086,
    "closed_map": 0.5419115276497216,
    "open_map": 0.5267626084136243
  },
  "softmax lse entropy": {
    "logsumexp": {
      "auroc": 0.06978788507890395,
      "tpr@osr": {
        "0.05": {
          "tpr": 0.016009388566655295,
          "threshold": -1.9287132024765015
        },
        "0.1": {
          "tpr": 0.019227149193500947,
          "threshold": -2.3893425464630127
        },
        "0.2": {
          "tpr": 0.026759767991811477,
          "threshold": -2.9386985301971436
        }
      },
      "tau20": -2.9386985301971436,
      "closed_map": 0.5411988458951718,
      "open_map": 0.5266265802688919
    },
    "entropy": {
      "auroc": 0.31069075494171344,
      "tpr@osr": {
        "0.05": {
          "tpr": 0.0280980505194301,
          "threshold": 0.3778063952922821
        },
        "0.1": {
          "tpr": 0.041977952163017515,
          "threshold": 0.4381134510040283
        },
        "0.2": {
          "tpr": 0.07488499594103322,
          "threshold": 0.5067871809005737
        }
      },
      "tau20": 0.5067871809005737,
      "closed_map": 0.541747130456279,
      "open_map": 0.5269633600939869
    }
  },
  "softmax temperature": {
    "auroc": 0.08061604359349707,
    "tpr@osr": {
      "0.05": {
        "tpr": 0.01585938327235079,
        "threshold": 3.609612031141296e-05
      },
      "0.1": {
        "tpr": 0.019024200854147792,
        "threshold": 3.776051698878291e-06
      },
      "0.2": {
        "tpr": 0.026948009929762227,
        "threshold": 2.8349830927254516e-07
      }
    },
    "tau20": 2.8349830927254516e-07,
    "closed_map": 0.5419115276497216,
    "open_map": 0.5267626084136243
  },
  "softmax temperature lse entropy": {
    "logsumexp": {
      "auroc": 0.07114875154760443,
      "tpr@osr": {
        "0.05": {
          "tpr": 0.01599468216525289,
          "threshold": -10.725085258483887
        },
        "0.1": {
          "tpr": 0.01900949445274539,
          "threshold": -13.082611083984375
        },
        "0.2": {
          "tpr": 0.026512700448251113,
          "threshold": -15.914090156555176
        }
      },
      "tau20": -15.914090156555176,
      "closed_map": 0.5419115276497216,
      "open_map": 0.5267626084136243
    },
    "entropy": {
      "auroc": 0.31069077635166314,
      "tpr@osr": {
        "0.05": {
          "tpr": 0.0280980505194301,
          "threshold": 0.000730011030100286
        },
        "0.1": {
          "tpr": 0.041977952163017515,
          "threshold": 0.002481562551110983
        },
        "0.2": {
          "tpr": 0.07488499594103322,
          "threshold": 0.009460734203457832
        }
      },
      "tau20": 0.009460734203457832,
      "closed_map": "error: need at least one array to concatenate",
      "open_map": "error: need at least one array to concatenate"
    }
  },
  "gmm": {
    "0": {
      "logsumexp": {
        "auroc": 0.46019628959773984,
        "tpr@osr": {
          "0.05": {
            "tpr": 0.03530124592632681,
            "threshold": 120.751708984375
          },
          "0.1": {
            "tpr": 0.07627916279398096,
            "threshold": 53.9278564453125
          },
          "0.2": {
            "tpr": 0.18198583479416922,
            "threshold": -17.93701171875
          }
        },
        "tau20": -17.93701171875,
        "closed_map": 0.3356007073523223,
        "open_map": 0.38576980105356123
      },
      "entropy": {
        "auroc": 0.4613563978904781,
        "tpr@osr": {
          "0.05": {
            "tpr": 0.0,
            "threshold": -Infinity
          },
          "0.1": {
            "tpr": 0.0,
            "threshold": -Infinity
          },
          "0.2": {
            "tpr": 0.0,
            "threshold": -Infinity
          }
        },
        "tau20": -Infinity,
        "closed_map": "error: need at least one array to concatenate",
        "open_map": "error: need at least one array to concatenate"
      }
    },
    "1": {
      "logsumexp": {
        "auroc": 0.500961563365678,
        "tpr@osr": {
          "0.05": {
            "tpr": 0.03959257385554784,
            "threshold": 201.20932006835938
          },
          "0.1": {
            "tpr": 0.06339635516547643,
            "threshold": 131.6063232421875
          },
          "0.2": {
            "tpr": 0.14278445121592526,
            "threshold": 42.810791015625
          }
        },
        "tau20": 42.810791015625,
        "closed_map": 0.15247429022573158,
        "open_map": 0.12237244077274043
      },
      "entropy": {
        "auroc": 0.5411474673423281,
        "tpr@osr": {
          "0.05": {
            "tpr": 0.0,
            "threshold": -Infinity
          },
          "0.1": {
            "tpr": 0.0,
            "threshold": -Infinity
          },
          "0.2": {
            "tpr": 0.0,
            "threshold": -Infinity
          }
        },
        "tau20": -Infinity,
        "closed_map": "error: need at least one array to concatenate",
        "open_map": "error: need at least one array to concatenate"
      }
    },
    "2": {
      "logsumexp": {
        "auroc": 0.41310760014490855,
        "tpr@osr": {
          "0.05": {
            "tpr": 0.02750391190277304,
            "threshold": 257.4369201660156
          },
          "0.1": {
            "tpr": 0.0433221172511971,
            "threshold": 204.017333984375
          },
          "0.2": {
            "tpr": 0.08654128969257739,
            "threshold": 132.5509033203125
          }
        },
        "tau20": 132.5509033203125
      },
      "entropy": {
        "auroc": 0.4858869844031865,
        "tpr@osr": {
          "0.05": {
            "tpr": 0.0,
            "threshold": -Infinity
          },
          "0.1": {
            "tpr": 0.0,
            "threshold": -Infinity
          },
          "0.2": {
            "tpr": 0.0,
            "threshold": -Infinity
          }
        },
        "tau20": -Infinity
      }
    },
    "3": {
      "logsumexp": {
        "auroc": 0.42042544687533373,
        "tpr@osr": {
          "0.05": {
            "tpr": 0.02473910843912138,
            "threshold": 189.26898193359375
          },
          "0.1": {
            "tpr": 0.04194265679965175,
            "threshold": 33.46563720703125
          },
          "0.2": {
            "tpr": 0.08822370201301222,
            "threshold": -147.34613037109375
          }
        },
        "tau20": -147.34613037109375
      },
      "entropy": {
        "auroc": 0.5162697193693002,
        "tpr@osr": {
          "0.05": {
            "tpr": 0.0,
            "threshold": -Infinity
          },
          "0.1": {
            "tpr": 0.0,
            "threshold": -Infinity
          },
          "0.2": {
            "tpr": 0.0,
            "threshold": -Infinity
          }
        },
        "tau20": -Infinity
      }
    },
    "4": {
      "logsumexp": {
        "auroc": 0.23634237204249436,
        "tpr@osr": {
          "0.05": {
            "tpr": 0.016803534242385024,
            "threshold": 345.2354736328125
          },
          "0.1": {
            "tpr": 0.02738626069155382,
            "threshold": 229.8243408203125
          },
          "0.2": {
            "tpr": 0.049066437638975495,
            "threshold": 62.128173828125
          }
        },
        "tau20": 62.128173828125
      },
      "entropy": {
        "auroc": 0.5031099760513426,
        "tpr@osr": {
          "0.05": {
            "tpr": 0.0,
            "threshold": -Infinity
          },