{
  "baseline_closed_map": 0.45364478008663256,
  "softmax": {
    "auroc": 0.6411070523292617,
    "tpr@osr": {
      "0.05": {
        "tpr": 0.2331369362047948,
        "threshold": 0.7281395792961121
      },
      "0.1": {
        "tpr": 0.3048557496952458,
        "threshold": 0.5722154974937439
      },
      "0.2": {
        "tpr": 0.41802112962210486,
        "threshold": 0.41026878356933594
      }
    },
    "tau20": 0.41026878356933594,
    "closed_map": 0.45279334775724833,
    "open_map": 0.4270108102279113
  },
  "softmax temperature": {
    "auroc": 0.6921827653256104,
    "tpr@osr": {
      "0.05": {
        "tpr": 0.2149965285813469,
        "threshold": 0.9995573163032532
      },
      "0.1": {
        "tpr": 0.3501504281416339,
        "threshold": 0.9974984526634216
      },
      "0.2": {
        "tpr": 0.5052071279796343,
        "threshold": 0.9724048376083374
      }
    },
    "tau20": 0.9724048376083374,
    "closed_map": 0.12176415269716305,
    "open_map": 0.13207115843047096
  },
  "gmm": {
    "0": {
      "logsumexp": {
        "auroc": 0.6240094739856566,
        "tpr@osr": {
          "0.05": {
            "tpr": 0.12576188541243397,
            "threshold": 167.73141479492188
          },
          "0.1": {
            "tpr": 0.21972775294595692,
            "threshold": 153.0888671875
          },
          "0.2": {
            "tpr": 0.37718407151564404,
            "threshold": 131.853271484375
          }
        },
        "tau20": 131.853271484375,
        "closed_map": 0.2249317913512073,
        "open_map": 0.21022083476475953
      },
      "entropy": {
        "auroc": 0.6460085002119098,
        "tpr@osr": {
          "0.05": {
            "tpr": 0.30780170662332385,
            "threshold": -0.0
          },
          "0.1": {
            "tpr": 0.30942706216984966,
            "threshold": 1.4433374182545616e-43
          },
          "0.2": {
            "tpr": 0.445245835026412,
            "threshold": 7.61240710554317e-28
          }
        },
        "tau20": 7.61240710554317e-28,
        "closed_map": 0.35662591730310594,
        "open_map": 0.3368857016767165
      }
    },
    "1": {
      "logsumexp": {
        "auroc": 0.6311321010976634,
        "tpr@osr": {
          "0.05": {
            "tpr": 0.12047947988622511,
            "threshold": 77.80862426757812
          },
          "0.1": {
            "tpr": 0.2091629418935392,
            "threshold": 64.62255859375
          },
          "0.2": {
            "tpr": 0.3490451036164161,
            "threshold": 45.708343505859375
          }
        },
        "tau20": 45.708343505859375,
        "closed_map": 0.20036409744733924,
        "open_map": 0.18871922188614068
      },
      "entropy": {
        "auroc": 0.6427943998926484,
        "tpr@osr": {
          "0.05": {
            "tpr": 0.306176351076798,
            "threshold": -0.0
          },
          "0.1": {
            "tpr": 0.3071921982933767,
            "threshold": 1.4433374182545616e-43
          },
          "0.2": {
            "tpr": 0.43071921982933764,
            "threshold": 2.5878005661239434e-28
          }
        },
        "tau20": 2.5878005661239434e-28,
        "closed_map": 0.40231498235963103,
        "open_map": 0.3786563421453429
      }
    },
    "2": {
      "logsumexp": {
        "auroc": 0.6507069756784497,
        "tpr@osr": {
          "0.05": {
            "tpr": 0.15278342137342543,
            "threshold": 55.7264404296875
          },
          "0.1": {
            "tpr": 0.23293376676147906,
            "threshold": 43.018524169921875
          },
          "0.2": {
            "tpr": 0.38124746038195856,
            "threshold": 23.69610595703125
          }
        },
        "tau20": 23.69610595703125,
        "closed_map": 0.15143542884349,
        "open_map": 0.14184545660842166
      },
      "entropy": {
        "auroc": 0.6405112072240918,
        "tpr@osr": {
          "0.05": {
            "tpr": 0.0,
            "threshold": -Infinity
          },
          "0.1": {
            "tpr": 0.30038602194229985,
            "threshold": -0.0
          },
          "0.2": {
            "tpr": 0.41741162129215764,
            "threshold": 1.5133414631491825e-28
          }
        },
        "tau20": 1.5133414631491825e-28,
        "closed_map": 0.4190220845789821,
        "open_map": 0.39482637653211844
      }
    },
    "3": {
      "logsumexp": {
        "auroc": 0.6667897522738097,
        "tpr@osr": {
          "0.05": {
            "tpr": 0.226330759853718,
            "threshold": 75.3287353515625
          },
          "0.1": {
            "tpr": 0.3028240552620886,
            "threshold": 61.607574462890625
          },
          "0.2": {
            "tpr": 0.4333604225924421,
            "threshold": 40.133087158203125
          }
        },
        "tau20": 40.133087158203125,
        "closed_map": 0.28900120499652016,
        "open_map": 0.28241815843087514
      },
      "entropy": {
        "auroc": 0.6233869622972011,
        "tpr@osr": {
          "0.05": {
            "tpr": 0.0,
            "threshold": -Infinity
          },
          "0.1": {
            "tpr": 0.34101991060544495,
            "threshold": -0.0
          },
          "0.2": {
            "tpr": 0.4061357171881349,
            "threshold": 1.5121470937312854e-34
          }
        },
        "tau20": 1.5121470937312854e-34,
        "closed_map": 0.42592043146272407,
        "open_map": 0.40120148507341263
      }
    },
    "4": {
      "logsumexp": {
        "auroc": 0.6786345693793229,
        "tpr@osr": {
          "0.05": {
            "tpr": 0.26239333604225923,
            "threshold": 171.98654174804688
          },
          "0.1": {
            "tpr": 0.35321007720438846,
            "threshold": 150.64678955078125
          },
          "0.2": {
            "tpr": 0.46007720438845995,
            "threshold": 125.70516967773438
          }
        },
        "tau20": 125.70516967773438,
        "closed_map": 0.28916229326420495,
        "open_map": 0.2844734736330173
      },
      "entropy": {
        "auroc": 0.6191171906370334,
        "tpr@osr": {
          "0.05": {
            "tpr": 0.0,
            "threshold": -Infinity
          },
          "0.1": {
            "tpr": 0.0,
            "threshold": -Infinity
          },
          "0.2": {
            "tpr": 0.4338683462007314,
            "threshold": -0.0
          }
        },
        "tau20": -0.0,
        "closed_map": 0.4395744408875073,
        "open_map": 0.4152305443049685
      }
    },
    "5": {
      "logsumexp": {
        "auroc": 0.6854089549824156,
        "tpr@osr": {
          "0.05": {
            "tpr": 0.2201340918325884,
            "threshold": 340.0491027832031
          },
          "0.1": {
            "tpr": 0.3378707842340512,
            "threshold": 310.2966613769531
          },
          "0.2": {
            "tpr": 0.4806989028850061,
            "threshold": 272.15435791015625
          }
        },
        "tau20": 272.15435791015625,
        "closed_map": 0.3474892814962735,
        "open_map": 0.33646399764439566
      },
      "entropy": {
        "auroc": 0.6043067723204898,
        "tpr@osr": {
          "0.05": {
            "tpr": 0.0,
            "threshold": -Infinity
          },
          "0.1": {
            "tpr": 0.0,
            "threshold": -Infinity
          },
          "0.2": {
            "tpr": 0.47866720845184885,
            "threshold": -0.0
          }
        },
        "tau20": -0.0,
        "closed_map": 0.44821581818908096,
        "open_map": 0.42263690573660834
      }
    }
  },
  "gmm temperature": {
    "0": {
      "logsumexp": {
        "auroc": 0.6118611023660372,
        "tpr@osr": {
          "0.05": {
            "tpr": 0.10747663551401869,
            "threshold": 9.45017147064209
          },
          "0.1": {
            "tpr": 0.19118244616009752,