{
  "softmax": {
    "auroc": 0.9130571423653207,
    "tpr@osr": {
      "0.05": {
        "tpr": 0.773421926910299,
        "threshold": 0.834023118019104
      },
      "0.1": {
        "tpr": 0.8299003322259136,
        "threshold": 0.6971119046211243
      },
      "0.2": {
        "tpr": 0.8757475083056478,
        "threshold": 0.48960235714912415
      }
    },
    "tau20": 0.48960235714912415
  },
  "softmax lse entropy": {
    "logsumexp": {
      "auroc": 0.8892373977766419,
      "tpr@osr": {
        "0.05": {
          "tpr": 0.7760797342192691,
          "threshold": 1.6721909046173096
        },
        "0.1": {
          "tpr": 0.8186046511627907,
          "threshold": 1.1588259935379028
        },
        "0.2": {
          "tpr": 0.8471760797342193,
          "threshold": 0.6725165247917175
        }
      },
      "tau20": 0.6725165247917175
    },
    "entropy": {
      "auroc": 0.9088047853309482,
      "tpr@osr": {
        "0.05": {
          "tpr": 0.7980066445182724,
          "threshold": 1.257476806640625
        },
        "0.1": {
          "tpr": 0.837873754152824,
          "threshold": 2.029179334640503
        },
        "0.2": {
          "tpr": 0.8637873754152824,
          "threshold": 2.6769516468048096
        }
      },
      "tau20": 2.6769516468048096
    }
  },
  "softmax temperature": {
    "auroc": 0.8894048536359461,
    "tpr@osr": {
      "0.05": {
        "tpr": 0.48746312684365783,
        "threshold": 0.9997968077659607
      },
      "0.1": {
        "tpr": 0.6969026548672567,
        "threshold": 0.9993318915367126
      },
      "0.2": {
        "tpr": 0.8672566371681416,
        "threshold": 0.9927364587783813
      }
    },
    "tau20": 0.9927364587783813
  },
  "softmax temperature lse entropy": {
    "logsumexp": {
      "auroc": 0.8975122040358159,
      "tpr@osr": {
        "0.05": {
          "tpr": 0.6246312684365781,
          "threshold": 7.878931522369385
        },
        "0.1": {
          "tpr": 0.7728613569321534,
          "threshold": 6.536268711090088
        },
        "0.2": {
          "tpr": 0.8805309734513275,
          "threshold": 4.047344207763672
        }
      },
      "tau20": 4.047344207763672
    },
    "entropy": {
      "auroc": 0.9233658339206933,
      "tpr@osr": {
        "0.05": {
          "tpr": 0.7382005899705014,
          "threshold": 4.231675120536238e-06
        },
        "0.1": {
          "tpr": 0.8222713864306784,
          "threshold": 2.7114736440125853e-05
        },
        "0.2": {
          "tpr": 0.8960176991150443,
          "threshold": 0.0009329371387138963
        }
      },
      "tau20": 0.0009329371387138963
    }
  },
  "gmm": {
    "0": {
      "logsumexp": {
        "auroc": 0.7564927804753386,
        "tpr@osr": {
          "0.05": {
            "tpr": 0.27375415282392024,
            "threshold": 184.6458740234375
          },
          "0.1": {
            "tpr": 0.39867109634551495,
            "threshold": 165.61871337890625
          },
          "0.2": {
            "tpr": 0.5548172757475083,
            "threshold": 140.11181640625
          }
        },
        "tau20": 140.11181640625
      },
      "entropy": {
        "auroc": 0.8156307899948889,
        "tpr@osr": {
          "0.05": {
            "tpr": 0.0,
            "threshold": -Infinity
          },
          "0.1": {
            "tpr": 0.0,
            "threshold": -Infinity
          },
          "0.2": {
            "tpr": 0.8504983388704319,
            "threshold": -0.0
          }
        },
        "tau20": -0.0
      }
    },
    "1": {
      "logsumexp": {
        "auroc": 0.7630670201891133,
        "tpr@osr": {
          "0.05": {
            "tpr": 0.3415282392026578,
            "threshold": 98.84695434570312
          },
          "0.1": {
            "tpr": 0.4425249169435216,
            "threshold": 84.276611328125
          },
          "0.2": {
            "tpr": 0.5687707641196014,
            "threshold": 62.248626708984375
          }
        },
        "tau20": 62.248626708984375
      },
      "entropy": {
        "auroc": 0.8292378769486327,
        "tpr@osr": {
          "0.05": {
            "tpr": 0.0,
            "threshold": -Infinity
          },
          "0.1": {
            "tpr": 0.840531561461794,
            "threshold": -0.0
          },
          "0.2": {
            "tpr": 0.8411960132890366,
            "threshold": 1.4433374182545616e-43
          }
        },
        "tau20": 1.4433374182545616e-43
      }
    },
    "2": {
      "logsumexp": {
        "auroc": 0.7934796671351905,
        "tpr@osr": {
          "0.05": {
            "tpr": 0.3674418604651163,
            "threshold": 93.77743530273438
          },
          "0.1": {
            "tpr": 0.5049833887043189,
            "threshold": 74.09710693359375
          },
          "0.2": {
            "tpr": 0.6611295681063123,
            "threshold": 48.06085205078125
          }
        },
        "tau20": 48.06085205078125
      },
      "entropy": {
        "auroc": 0.8285866023511372,
        "tpr@osr": {
          "0.05": {
            "tpr": 0.0,
            "threshold": -Infinity
          },
          "0.1": {
            "tpr": 0.8445182724252491,
            "threshold": -0.0
          },
          "0.2": {
            "tpr": 0.8451827242524917,
            "threshold": 1.4433374182545616e-43
          }
        },
        "tau20": 1.4433374182545616e-43
      }
    },
    "3": {
      "logsumexp": {
        "auroc": 0.819984267186302,
        "tpr@osr": {
          "0.05": {
            "tpr": 0.40996677740863785,
            "threshold": 133.05206298828125
          },
          "0.1": {
            "tpr": 0.5428571428571428,
            "threshold": 112.07672119140625
          },
          "0.2": {
            "tpr": 0.7023255813953488,
            "threshold": 81.36752319335938
          }
        },
        "tau20": 81.36752319335938
      },
      "entropy": {
        "auroc": 0.7972182069384105,
        "tpr@osr": {
          "0.05": {
            "tpr": 0.0,
            "threshold": -Infinity
          },
          "0.1": {
            "tpr": 0.0,
            "threshold": -Infinity
          },
          "0.2": {
            "tpr": 0.8631229235880399,
            "threshold": -0.0
          }
        },
        "tau20": -0.0
      }
    },
    "4": {
      "logsumexp": {
        "auroc": 0.8044770636340404,
        "tpr@osr": {
          "0.05": {
            "tpr": 0.30564784053156147,
            "threshold": 243.6474609375
          },
          "0.1": {
            "tpr": 0.49235880398671095,
            "threshold": 215.93563842773438
          },
          "0.2": {
            "tpr": 0.6717607973421927,
            "threshold": 180.03736877441406
          }
        },
        "tau20": 180.03736877441406
      },
      "entropy": {
        "auroc": 0.7678174115129057,
        "tpr@osr": {
          "0.05": {
            "tpr": 0.0,
            "threshold": -Infinity
          },
          "0.1": {
            "tpr": 0.0,
            "threshold": -Infinity
          },
          "0.2": {
            "tpr": 0.8863787375415283,
            "threshold": -0.0
          }
        },
        "tau20": -0.0
      }
    },
    "5": {
      "logsumexp": {
        "auroc": 0.8626764950166114,
        "tpr@osr": {
          "0.05": {
            "tpr": 0.5694352159468439,
            "threshold": 365.29376220703125
          },
          "0.1": {
            "tpr": 0.6970099667774087,
            "threshold": 338.0345458984375
          },
          "0.2": {
            "tpr": 0.8006644518272426,