{
  "gmm temperature": {
    "0": {
      "logsumexp": {
        "auroc": 0.45115793133649373,
        "tpr@osr": {
          "0.05": {
            "tpr": 0.035186535995388075,
            "threshold": 2.1919968128204346
          },
          "0.1": {
            "tpr": 0.08008517947692272,
            "threshold": 1.2138292789459229
          },
          "0.2": {
            "tpr": 0.17853865430544608,
            "threshold": 0.18452495336532593
          }
        },
        "tau20": 0.18452495336532593,
        "closed_map": 0.2640612784268253,
        "open_map": 0.3120279055824394
      },
      "entropy": {
        "auroc": 0.5594243633391491,
        "tpr@osr": {
          "0.05": {
            "tpr": 0.058722660799792936,
            "threshold": 0.002300315536558628
          },
          "0.1": {
            "tpr": 0.11603056578467476,
            "threshold": 0.023467138409614563
          },
          "0.2": {
            "tpr": 0.24167323552595973,
            "threshold": 0.1224866658449173
          }
        },
        "tau20": 0.1224866658449173,
        "closed_map": 0.5420906561022631,
        "open_map": 0.5268090964435658
      }
    },
    "1": {
      "logsumexp": {
        "auroc": 0.47721919281039693,
        "tpr@osr": {
          "0.05": {
            "tpr": 0.03981316987658388,
            "threshold": 3.484931230545044
          },
          "0.1": {
            "tpr": 0.0628875136769533,
            "threshold": 2.37762713432312
          },
          "0.2": {
            "tpr": 0.1330752850100592,
            "threshold": 0.8374325037002563
          }
        },
        "tau20": 0.8374325037002563
      },
      "entropy": {
        "auroc": 0.6593732631732123,
        "tpr@osr": {
          "0.05": {
            "tpr": 0.11811593350353541,
            "threshold": 0.06736910343170166
          },
          "0.1": {
            "tpr": 0.25843559184441806,
            "threshold": 0.11437205970287323
          },
          "0.2": {
            "tpr": 0.4163852841865007,
            "threshold": 0.1781374216079712
          }
        },
        "tau20": 0.1781374216079712,
        "closed_map": 0.5427190855023651,
        "open_map": 0.5273012382245944
      }
    },
    "2": {
      "logsumexp": {
        "auroc": 0.39672758687952414,
        "tpr@osr": {
          "0.05": {
            "tpr": 0.0254597221078391,
            "threshold": 5.014097213745117
          },
          "0.1": {
            "tpr": 0.04132498794075085,
            "threshold": 4.017330169677734
          },
          "0.2": {
            "tpr": 0.08353824252620681,
            "threshold": 2.634193181991577
          }
        },
        "tau20": 2.634193181991577
      },
      "entropy": {
        "auroc": 0.7376702900320523,
        "tpr@osr": {
          "0.05": {
            "tpr": 0.14915820558372647,
            "threshold": 0.020816102623939514
          },
          "0.1": {
            "tpr": 0.3533771780180477,
            "threshold": 0.07290972024202347
          },
          "0.2": {
            "tpr": 0.57070249538219,
            "threshold": 0.17219629883766174
          }
        },
        "tau20": 0.17219629883766174,
        "closed_map": 0.5423326080344144,
        "open_map": 0.5269949093868491
      }
    },
    "3": {
      "logsumexp": {
        "auroc": 0.42606285738645205,
        "tpr@osr": {
          "0.05": {
            "tpr": 0.02387143075637964,
            "threshold": 2.4458887577056885
          },
          "0.1": {
            "tpr": 0.03873077873336706,
            "threshold": 0.6485143303871155
          },
          "0.2": {
            "tpr": 0.08944433332941162,
            "threshold": -1.4587929248809814
          }
        },
        "tau20": -1.4587929248809814
      },
      "entropy": {
        "auroc": 0.759781328962813,
        "tpr@osr": {
          "0.05": {
            "tpr": 0.3252791274986176,
            "threshold": 2.235145302620367e-06
          },
          "0.1": {
            "tpr": 0.47682565267009425,
            "threshold": 2.718819450819865e-05
          },
          "0.2": {
            "tpr": 0.626622116074685,
            "threshold": 0.0003567468957044184
          }
        },
        "tau20": 0.0003567468957044184,
        "closed_map": 0.5379185154374373,
        "open_map": 0.5271036731061035
      }
    },
    "4": {
      "logsumexp": {
        "auroc": 0.25299769983593623,
        "tpr@osr": {
          "0.05": {
            "tpr": 0.017332964692871513,
            "threshold": 3.690359115600586
          },
          "0.1": {
            "tpr": 0.028336294222149016,
            "threshold": 2.4861011505126953
          },
          "0.2": {
            "tpr": 0.04848112286315988,
            "threshold": 0.8172656893730164
          }
        },
        "tau20": 0.8172656893730164
      },
      "entropy": {
        "auroc": 0.813142071966179,
        "tpr@osr": {
          "0.05": {
            "tpr": 0.43687424262032776,
            "threshold": 3.90306513509131e-06
          },
          "0.1": {
            "tpr": 0.6001388284292387,
            "threshold": 3.307628503534943e-05
          },
          "0.2": {
            "tpr": 0.717440027295081,
            "threshold": 0.00018402133719064295
          }
        },
        "tau20": 0.00018402133719064295,
        "closed_map": 0.543456357292947,
        "open_map": 0.5272768882277638
      }
    },
    "5": {
      "logsumexp": {
        "auroc": 0.11723232853096931,
        "tpr@osr": {
          "0.05": {
            "tpr": 0.015791733825899736,
            "threshold": 6.996039390563965
          },
          "0.1": {
            "tpr": 0.01942421497229314,
            "threshold": 6.393805503845215
          },
          "0.2": {
            "tpr": 0.028742190900855325,
            "threshold": 5.42171049118042
          }
        },
        "tau20": 5.42171049118042
      },
      "entropy": {
        "auroc": 0.9237420065079424,
        "tpr@osr": {
          "0.05": {
            "tpr": 0.7961133922373731,
            "threshold": 1.7499190031050604e-12
          },
          "0.1": {
            "tpr": 0.8561390402014188,
            "threshold": 1.712098379735849e-10
          },
          "0.2": {
            "tpr": 0.8999052907749685,
            "threshold": 1.6823305415414325e-08
          }
        },
        "tau20": 1.6823305415414325e-08,
        "closed_map": 0.5005338800186744,
        "open_map": 0.5184310886476872
      }
    }
  },
  "gmm per class": {
    "2": {
      "auroc": 0.926696549172492,
      "tpr@osr": {
        "0.05": {
          "tpr": 0.8032695271597821,
          "threshold": 2.723980485619393e-10
        },
        "0.1": {
          "tpr": 0.8656982011129805,
          "threshold": 2.02135499449696e-08
        },
        "0.2": {
          "tpr": 0.9073320234831818,
          "threshold": 1.2309617432038067e-06
        }
      },
      "tau20": 1.2309617432038067e-06,
      "closed_map": 0.5371218441267892,
      "open_map": 0.5256082791216998
    },
    "3": {
      "auroc": 0.9286470557853798,
      "tpr@osr": {
        "0.05": {
          "tpr": 0.8097285786557172,
          "threshold": 1.8084407533904867e-32
        },
        "0.1": {
          "tpr": 0.8686512465145829,
          "threshold": 8.21251657248903e-27
        },
        "0.2": {
          "tpr": 0.9100350600609434,
          "threshold": 2.88202185629245e-21
        }
      },
      "tau20": 2.88202185629245e-21,
      "closed_map": 0.5235662926360324,
      "open_map": 0.5235759490016691
    },
    "4": {
      "auroc": 0.9187140984120451,
      "tpr@osr": {
        "0.05": {
          "tpr": 0.8038960198595244,
          "threshold": -0.0
        },
        "0.1": {
          "tpr": 0.8642216784121792,
          "threshold": 3.024112396228067e-36
        },
        "0.2": {
          "tpr": 0.9083144110968623,
          "threshold": 1.1264528318302755e-28
        }
      },