{
  "softmax": {
    "auroc": 0.6975891355596264,
    "tpr@osr": {
      "0.05": {
        "tpr": 0.28781690140845073,
        "threshold": 0.7355334758758545
      },
      "0.1": {
        "tpr": 0.3804929577464789,
        "threshold": 0.5324585437774658
      },
      "0.2": {
        "tpr": 0.492112676056338,
        "threshold": 0.40346115827560425
      }
    },
    "tau20": 0.40346115827560425
  },
  "softmax lse entropy": {
    "logsumexp": {
      "auroc": 0.5663929847743175,
      "tpr@osr": {
        "0.05": {
          "tpr": 0.27950704225352113,
          "threshold": 1.2167704105377197
        },
        "0.1": {
          "tpr": 0.33492957746478874,
          "threshold": 0.8352537155151367
        },
        "0.2": {
          "tpr": 0.4036619718309859,
          "threshold": 0.4457106590270996
        }
      },
      "tau20": 0.4457106590270996
    },
    "entropy": {
      "auroc": 0.678988445598967,
      "tpr@osr": {
        "0.05": {
          "tpr": 0.28450704225352114,
          "threshold": 1.4953941106796265
        },
        "0.1": {
          "tpr": 0.3840845070422535,
          "threshold": 2.3326172828674316
        },
        "0.2": {
          "tpr": 0.4854929577464789,
          "threshold": 2.73630952835083
        }
      },
      "tau20": 2.73630952835083
    }
  },
  "softmax temperature": {
    "auroc": 0.7086981228017506,
    "tpr@osr": {
      "0.05": {
        "tpr": 0.2802179472923385,
        "threshold": 0.9928406476974487
      },
      "0.1": {
        "tpr": 0.3705103969754253,
        "threshold": 0.9720203876495361
      },
      "0.2": {
        "tpr": 0.5003521257274176,
        "threshold": 0.8936172127723694
      }
    },
    "tau20": 0.8936172127723694
  },
  "softmax temperature lse entropy": {
    "logsumexp": {
      "auroc": 0.6020662165403714,
      "tpr@osr": {
        "0.05": {
          "tpr": 0.23792579413617998,
          "threshold": -2.1892082691192627
        },
        "0.1": {
          "tpr": 0.3027169279810223,
          "threshold": -3.8707222938537598
        },
        "0.2": {
          "tpr": 0.38915452759553726,
          "threshold": -5.32972526550293
        }
      },
      "tau20": -5.32972526550293
    },
    "entropy": {
      "auroc": 0.7117984705562679,
      "tpr@osr": {
        "0.05": {
          "tpr": 0.2786611809184922,
          "threshold": 0.054464999586343765
        },
        "0.1": {
          "tpr": 0.3750694984988324,
          "threshold": 0.1847490668296814
        },
        "0.2": {
          "tpr": 0.5063938618925832,
          "threshold": 0.5230365991592407
        }
      },
      "tau20": 0.5230365991592407
    }
  },
  "gmm": {
    "0": {
      "logsumexp": {
        "auroc": 0.5761261224060783,
        "tpr@osr": {
          "0.05": {
            "tpr": 0.16549295774647887,
            "threshold": 185.71002197265625
          },
          "0.1": {
            "tpr": 0.24908450704225352,
            "threshold": 171.86114501953125
          },
          "0.2": {
            "tpr": 0.3576760563380282,
            "threshold": 154.76980590820312
          }
        },
        "tau20": 154.76980590820312
      },
      "entropy": {
        "auroc": 0.596769403735848,
        "tpr@osr": {
          "0.05": {
            "tpr": 0.0,
            "threshold": -Infinity
          },
          "0.1": {
            "tpr": 0.36408450704225354,
            "threshold": -0.0
          },
          "0.2": {
            "tpr": 0.392887323943662,
            "threshold": 4.7927210076837393e-39
          }
        },
        "tau20": 4.7927210076837393e-39
      }
    },
    "1": {
      "logsumexp": {
        "auroc": 0.5850427565392354,
        "tpr@osr": {
          "0.05": {
            "tpr": 0.1654225352112676,
            "threshold": 101.65267944335938
          },
          "0.1": {
            "tpr": 0.24338028169014084,
            "threshold": 88.99160766601562
          },
          "0.2": {
            "tpr": 0.36253521126760563,
            "threshold": 72.24359130859375
          }
        },
        "tau20": 72.24359130859375
      },
      "entropy": {
        "auroc": 0.6063814791735487,
        "tpr@osr": {
          "0.05": {
            "tpr": 0.0,
            "threshold": -Infinity
          },
          "0.1": {
            "tpr": 0.3761267605633803,
            "threshold": -0.0
          },
          "0.2": {
            "tpr": 0.4130985915492958,
            "threshold": 1.2713389058347734e-37
          }
        },
        "tau20": 1.2713389058347734e-37
      }
    },
    "2": {
      "logsumexp": {
        "auroc": 0.5685816766269257,
        "tpr@osr": {
          "0.05": {
            "tpr": 0.16211267605633803,
            "threshold": 97.0250244140625
          },
          "0.1": {
            "tpr": 0.2352112676056338,
            "threshold": 84.10211181640625
          },
          "0.2": {
            "tpr": 0.34669014084507044,
            "threshold": 66.33419799804688
          }
        },
        "tau20": 66.33419799804688
      },
      "entropy": {
        "auroc": 0.5913030984413946,
        "tpr@osr": {
          "0.05": {
            "tpr": 0.0,
            "threshold": -Infinity
          },
          "0.1": {
            "tpr": 0.41619718309859155,
            "threshold": -0.0
          },
          "0.2": {
            "tpr": 0.4187323943661972,
            "threshold": 1.4573504028978098e-43
          }
        },
        "tau20": 1.4573504028978098e-43
      }
    },
    "3": {
      "logsumexp": {
        "auroc": 0.582375972251419,
        "tpr@osr": {
          "0.05": {
            "tpr": 0.1578169014084507,
            "threshold": 142.09231567382812
          },
          "0.1": {
            "tpr": 0.2545774647887324,
            "threshold": 124.27481079101562
          },
          "0.2": {
            "tpr": 0.3652112676056338,
            "threshold": 105.31585693359375
          }
        },
        "tau20": 105.31585693359375
      },
      "entropy": {
        "auroc": 0.5854536735337398,
        "tpr@osr": {
          "0.05": {
            "tpr": 0.0,
            "threshold": -Infinity
          },
          "0.1": {
            "tpr": 0.0,
            "threshold": -Infinity
          },
          "0.2": {
            "tpr": 0.4909154929577465,
            "threshold": -0.0
          }
        },
        "tau20": -0.0
      }
    },
    "4": {
      "logsumexp": {
        "auroc": 0.593665800774798,
        "tpr@osr": {
          "0.05": {
            "tpr": 0.1132394366197183,
            "threshold": 256.38629150390625
          },
          "0.1": {
            "tpr": 0.20387323943661972,
            "threshold": 234.7403564453125
          },
          "0.2": {
            "tpr": 0.34781690140845073,
            "threshold": 206.9036865234375
          }
        },
        "tau20": 206.9036865234375
      },
      "entropy": {
        "auroc": 0.5514900034535571,
        "tpr@osr": {
          "0.05": {
            "tpr": 0.0,
            "threshold": -Infinity
          },
          "0.1": {
            "tpr": 0.0,
            "threshold": -Infinity
          },
          "0.2": {
            "tpr": 0.0,
            "threshold": -Infinity
          }
        },
        "tau20": -Infinity
      }
    },
    "5": {
      "logsumexp": {
        "auroc": 0.6291530338748911,
        "tpr@osr": {
          "0.05": {
            "tpr": 0.20169014084507042,
            "threshold": 382.367919921875
          },
          "0.1": {
            "tpr": 0.28992957746478876,
            "threshold": 362.2406005859375
          },
          "0.2": {
            "tpr": 0.38774647887323943,
            "threshold": 338.0995788574219
          }
        },
        "tau20": 338.0995788574219
      },
      "entropy": {
        "auroc": 0.5462072809994294,
        "tpr@osr": {
          "0.05": {
            "tpr": 0.0,
            "threshold": -Infinity
          },