{
  "baseline_closed_map": 0.5419115276497216,
  "softmax": {
    "auroc": 0.875185587966197,
    "tpr@osr": {
      "0.05": {
        "tpr": 0.5063856960408685,
        "threshold": 0.8428661823272705
      },
      "0.1": {
        "tpr": 0.696892294593444,
        "threshold": 0.8095466494560242
      },
      "0.2": {
        "tpr": 0.8480204342273308,
        "threshold": 0.7149854898452759
      }
    },
    "tau20": 0.7149854898452759,
    "closed_map": 0.541746754435633,
    "open_map": 0.5268916539750561
  },
  "softmax lse entropy": {
    "logsumexp": {
      "auroc": 0.870217048985227,
      "tpr@osr": {
        "0.05": {
          "tpr": 0.5368241805023414,
          "threshold": 1.6380752325057983
        },
        "0.1": {
          "tpr": 0.7145593869731801,
          "threshold": 1.3981887102127075
        },
        "0.2": {
          "tpr": 0.8356747552149851,
          "threshold": 0.8539826273918152
        }
      },
      "tau20": 0.8539826273918152,
      "closed_map": 0.5294418309913084,
      "open_map": 0.5398555167551359
    },
    "entropy": {
      "auroc": 0.9270304867005825,
      "tpr@osr": {
        "0.05": {
          "tpr": 0.7945934440187313,
          "threshold": 0.054839570075273514
        },
        "0.1": {
          "tpr": 0.8365261813537676,
          "threshold": 0.08543774485588074
        },
        "0.2": {
          "tpr": 0.8825031928480205,
          "threshold": 0.17337575554847717
        }
      },
      "tau20": 0.17337575554847717,
      "closed_map": 0.5222407160997589,
      "open_map": 0.5317112945114657
    }
  },
  "softmax temperature": {
    "error": "need at least one array to concatenate"
  },
  "softmax temperature lse entropy": {
    "logsumexp": {
      "auroc": 0.8555481667864846,
      "tpr@osr": {
        "0.05": {
          "tpr": 0.4378504672897196,
          "threshold": 8.810860633850098
        },
        "0.1": {
          "tpr": 0.5985981308411215,
          "threshold": 8.021424293518066
        },
        "0.2": {
          "tpr": 0.7906542056074767,
          "threshold": 6.795035362243652
        }
      },
      "tau20": 6.795035362243652,
      "closed_map": "error: need at least one array to concatenate",
      "open_map": "error: need at least one array to concatenate"
    },
    "entropy": {
      "auroc": 0.9390756649892164,
      "tpr@osr": {
        "0.05": {
          "tpr": 0.8107476635514018,
          "threshold": 5.671041969357304e-10
        },
        "0.1": {
          "tpr": 0.8733644859813084,
          "threshold": 3.3001006372046504e-09
        },
        "0.2": {
          "tpr": 0.9133177570093458,
          "threshold": 3.682501770185809e-08
        }
      },
      "tau20": 3.682501770185809e-08,
      "closed_map": "error: need at least one array to concatenate",
      "open_map": "error: need at least one array to concatenate"
    }
  },
  "gmm": {
    "0": {
      "logsumexp": {
        "auroc": 0.9141782444157499,
        "tpr@osr": {
          "0.05": {
            "tpr": 0.7171136653895275,
            "threshold": 404.59942626953125
          },
          "0.1": {
            "tpr": 0.7769263516389954,
            "threshold": 387.43255615234375
          },
          "0.2": {
            "tpr": 0.848446147296722,
            "threshold": 353.6722106933594
          }
        },
        "tau20": 353.6722106933594
      },
      "entropy": {
        "auroc": 0.5806033894757143,
        "tpr@osr": {
          "0.05": {
            "tpr": 0.0,
            "threshold": -Infinity
          },
          "0.1": {
            "tpr": 0.0,
            "threshold": -Infinity
          },
          "0.2": {
            "tpr": 0.0,
            "threshold": -Infinity
          }
        },
        "tau20": -Infinity
      }
    },
    "1": {
      "logsumexp": {
        "auroc": 0.9190820297340585,
        "tpr@osr": {
          "0.05": {
            "tpr": 0.7484035759897829,
            "threshold": 345.3431396484375
          },
          "0.1": {
            "tpr": 0.8054491272882077,
            "threshold": 321.759521484375
          },
          "0.2": {
            "tpr": 0.8584504044274159,
            "threshold": 285.4628601074219
          }
        },
        "tau20": 285.4628601074219
      },
      "entropy": {
        "auroc": 0.5960690043253388,
        "tpr@osr": {
          "0.05": {
            "tpr": 0.0,
            "threshold": -Infinity
          },
          "0.1": {
            "tpr": 0.0,
            "threshold": -Infinity
          },
          "0.2": {
            "tpr": 0.0,
            "threshold": -Infinity
          }
        },
        "tau20": -Infinity
      }
    },
    "2": {
      "logsumexp": {
        "auroc": 0.9091949318976689,
        "tpr@osr": {
          "0.05": {
            "tpr": 0.7398893146019583,
            "threshold": 400.53436279296875
          },
          "0.1": {
            "tpr": 0.7899106002554278,
            "threshold": 377.6836242675781
          },
          "0.2": {
            "tpr": 0.8488718603661133,
            "threshold": 332.9367980957031
          }
        },
        "tau20": 332.9367980957031
      },
      "entropy": {
        "auroc": 0.6098758670081778,
        "tpr@osr": {
          "0.05": {
            "tpr": 0.0,
            "threshold": -Infinity
          },
          "0.1": {
            "tpr": 0.0,
            "threshold": -Infinity
          },
          "0.2": {
            "tpr": 0.0,
            "threshold": -Infinity
          }
        },
        "tau20": -Infinity
      }
    },
    "3": {
      "logsumexp": {
        "auroc": 0.9264631387754046,
        "tpr@osr": {
          "0.05": {
            "tpr": 0.7856534695615155,
            "threshold": 512.0652465820312
          },
          "0.1": {
            "tpr": 0.8350361856108982,
            "threshold": 478.3109130859375
          },
          "0.2": {
            "tpr": 0.8769689229459344,
            "threshold": 423.8585205078125
          }
        },
        "tau20": 423.8585205078125
      },
      "entropy": {
        "auroc": 0.5322401209871841,
        "tpr@osr": {
          "0.05": {
            "tpr": 0.0,
            "threshold": -Infinity
          },
          "0.1": {
            "tpr": 0.0,
            "threshold": -Infinity
          },
          "0.2": {
            "tpr": 0.0,
            "threshold": -Infinity
          }
        },
        "tau20": -Infinity
      }
    },
    "4": {
      "logsumexp": {
        "auroc": 0.9144748911609266,
        "tpr@osr": {
          "0.05": {
            "tpr": 0.7441464452958706,
            "threshold": 573.4152221679688
          },
          "0.1": {
            "tpr": 0.8201362281822052,
            "threshold": 525.6439208984375
          },
          "0.2": {
            "tpr": 0.8701575138356747,
            "threshold": 465.904296875
          }
        },
        "tau20": 465.904296875
      },
      "entropy": {
        "auroc": 0.5139753251060167,
        "tpr@osr": {
          "0.05": {
            "tpr": 0.0,
            "threshold": -Infinity
          },
          "0.1": {
            "tpr": 0.0,
            "threshold": -Infinity
          },
          "0.2": {
            "tpr": 0.0,
            "threshold": -Infinity
          }
        },
        "tau20": -Infinity
      }
    },
    "5": {
      "logsumexp": {
        "auroc": 0.8766278085890551,
        "tpr@osr": {
          "0.05": {
            "tpr": 0.36036611323967643,
            "threshold": 757.0072021484375
          },
          "0.1": {
            "tpr": 0.7088122605363985,
            "threshold": 707.4015502929688
          },
          "0.2": {
            "tpr": 0.8492975734355045,
            "threshold": 638.884765625
          }
        },
        "tau20": 638.884765625
      },
      "entropy": {
        "auroc": 0.5139692980908767,
        "tpr@osr": {
          "0.05": {
            "tpr": 0.0,
            "threshold": -Infinity
          },