{
  "softmax": {
    "auroc": 0.08061604407754812,
    "tpr@osr": {
      "0.05": {
        "tpr": 0.01585938327235079,
        "threshold": 0.111821748316288
      },
      "0.1": {
        "tpr": 0.019024200854147792,
        "threshold": 0.07380883395671844
      },
      "0.2": {
        "tpr": 0.026948009929762227,
        "threshold": 0.045039378106594086
      }
    },
    "tau20": 0.045039378106594086,
    "closed_map": 0.5419115276497216,
    "open_map": 0.5267626084136243
  },
  "softmax lse entropy": {
    "logsumexp": {
      "auroc": 0.06978788507890395,
      "tpr@osr": {
        "0.05": {
          "tpr": 0.016009388566655295,
          "threshold": -1.9287132024765015
        },
        "0.1": {
          "tpr": 0.019227149193500947,
          "threshold": -2.3893425464630127
        },
        "0.2": {
          "tpr": 0.026759767991811477,
          "threshold": -2.9386985301971436
        }
      },
      "tau20": -2.9386985301971436,
      "closed_map": 0.5411988458951718,
      "open_map": 0.5266265802688919
    },
    "entropy": {
      "auroc": 0.31069075494171344,
      "tpr@osr": {
        "0.05": {
          "tpr": 0.0280980505194301,
          "threshold": 0.3778063952922821
        },
        "0.1": {
          "tpr": 0.041977952163017515,
          "threshold": 0.4381134510040283
        },
        "0.2": {
          "tpr": 0.07488499594103322,
          "threshold": 0.5067871809005737
        }
      },
      "tau20": 0.5067871809005737,
      "closed_map": 0.541747130456279,
      "open_map": 0.5269633600939869
    }
  },
  "softmax temperature": {
    "auroc": 0.08061604359349707,
    "tpr@osr": {
      "0.05": {
        "tpr": 0.01585938327235079,
        "threshold": 3.609612031141296e-05
      },
      "0.1": {
        "tpr": 0.019024200854147792,
        "threshold": 3.776051698878291e-06
      },
      "0.2": {
        "tpr": 0.026948009929762227,
        "threshold": 2.8349830927254516e-07
      }
    },
    "tau20": 2.8349830927254516e-07,
    "closed_map": 0.541885249272958,
    "open_map": 0.5267707823465461
  },
  "softmax temperature lse entropy": {
    "logsumexp": {
      "auroc": 0.07114875154760443,
      "tpr@osr": {
        "0.05": {
          "tpr": 0.01599468216525289,
          "threshold": -10.725085258483887
        },
        "0.1": {
          "tpr": 0.01900949445274539,
          "threshold": -13.082611083984375
        },
        "0.2": {
          "tpr": 0.026512700448251113,
          "threshold": -15.914090156555176
        }
      },
      "tau20": -15.914090156555176,
      "closed_map": 0.5409788774981917,
      "open_map": 0.5266287238133626
    },
    "entropy": {
      "auroc": 0.31069077635166314,
      "tpr@osr": {
        "0.05": {
          "tpr": 0.0280980505194301,
          "threshold": 0.000730011030100286
        },
        "0.1": {
          "tpr": 0.041977952163017515,
          "threshold": 0.002481562551110983
        },
        "0.2": {
          "tpr": 0.07488499594103322,
          "threshold": 0.009460734203457832
        }
      },
      "tau20": 0.009460734203457832,
      "closed_map": 0.5417208520795154,
      "open_map": 0.5269715291549443
    }
  },
  "gmm": {
    "0": {
      "logsumexp": {
        "auroc": 0.44898787816245506,
        "tpr@osr": {
          "0.05": {
            "tpr": 0.036174806169629516,
            "threshold": 131.65997314453125
          },
          "0.1": {
            "tpr": 0.0785351247691095,
            "threshold": 67.15924072265625
          },
          "0.2": {
            "tpr": 0.17524147911102744,
            "threshold": -3.74530029296875
          }
        },
        "tau20": -3.74530029296875,
        "closed_map": 0.5141425847510981,
        "open_map": 0.5492646532188203
      },
      "entropy": {
        "auroc": 0.4890520753621157,
        "tpr@osr": {
          "0.05": {
            "tpr": 0.0,
            "threshold": -Infinity
          },
          "0.1": {
            "tpr": 0.0,
            "threshold": -Infinity
          },
          "0.2": {
            "tpr": 0.0,
            "threshold": -Infinity
          }
        },
        "tau20": -Infinity,
        "closed_map": -1.0,
        "open_map": -1.0
      }
    },
    "1": {
      "logsumexp": {
        "auroc": 0.4721258984859116,
        "tpr@osr": {
          "0.05": {
            "tpr": 0.03848959375036766,
            "threshold": 193.73251342773438
          },
          "0.1": {
            "tpr": 0.06128451592409144,
            "threshold": 132.97479248046875
          },
          "0.2": {
            "tpr": 0.12905749614692283,
            "threshold": 57.43994140625
          }
        },
        "tau20": 57.43994140625
      },
      "entropy": {
        "auroc": 0.46188592466712114,
        "tpr@osr": {
          "0.05": {
            "tpr": 0.0,
            "threshold": -Infinity
          },
          "0.1": {
            "tpr": 0.0,
            "threshold": -Infinity
          },
          "0.2": {
            "tpr": 0.30763732837629565,
            "threshold": -0.0
          }
        },
        "tau20": -0.0
      }
    },
    "2": {
      "logsumexp": {
        "auroc": 0.36146895554060493,
        "tpr@osr": {
          "0.05": {
            "tpr": 0.024156734943586243,
            "threshold": 257.4748840332031
          },
          "0.1": {
            "tpr": 0.03834547101662412,
            "threshold": 202.47314453125
          },
          "0.2": {
            "tpr": 0.07244667458851489,
            "threshold": 127.68310546875
          }
        },
        "tau20": 127.68310546875
      },
      "entropy": {
        "auroc": 0.5694399067266059,
        "tpr@osr": {
          "0.05": {
            "tpr": 0.0,
            "threshold": -Infinity
          },
          "0.1": {
            "tpr": 0.0,
            "threshold": -Infinity
          },
          "0.2": {
            "tpr": 0.5026883301763592,
            "threshold": -0.0
          }
        },
        "tau20": -0.0,
        "closed_map": 0.5182311633067909,
        "open_map": 0.5131936102080763
      }
    },
    "3": {
      "logsumexp": {
        "auroc": 0.4182482423312594,
        "tpr@osr": {
          "0.05": {
            "tpr": 0.02250079414567573,
            "threshold": 206.56097412109375
          },
          "0.1": {
            "tpr": 0.03764250502958928,
            "threshold": 64.49578857421875
          },
          "0.2": {
            "tpr": 0.08822958457357319,
            "threshold": -108.24945068359375
          }
        },
        "tau20": -108.24945068359375
      },
      "entropy": {
        "auroc": 0.5925440217509562,
        "tpr@osr": {
          "0.05": {
            "tpr": 0.0,
            "threshold": -Infinity
          },
          "0.1": {
            "tpr": 0.0,
            "threshold": -Infinity
          },
          "0.2": {
            "tpr": 0.0,
            "threshold": -Infinity
          }
        },
        "tau20": -Infinity,
        "closed_map": -1.0,
        "open_map": -1.0
      }
    },
    "4": {
      "logsumexp": {
        "auroc": 0.23413236684101746,
        "tpr@osr": {
          "0.05": {
            "tpr": 0.016071155452545383,
            "threshold": 358.4454345703125
          },
          "0.1": {
            "tpr": 0.02575090885560667,
            "threshold": 242.0943603515625
          },
          "0.2": {
            "tpr": 0.04555160770380131,
            "threshold": 86.5831298828125
          }
        },
        "tau20": 86.5831298828125
      },
      "entropy": {
        "auroc": 0.5326371386692469,
        "tpr@osr": {
          "0.05": {
            "tpr": 0.0,
            "threshold": -Infinity
          },
          "0.1": {
            "tpr": 0.0,
            "threshold": -Infinity
          },
          "0.2": {
            "tpr": 0.0,
            "threshold": -Infinity
          }
        },
        "tau20": -Infinity
      }
    },