{
  "softmax": {
    "auroc": 0.9130571423653207,
    "tpr@osr": {
      "0.05": {
        "tpr": 0.773421926910299,
        "threshold": 0.834023118019104
      },
      "0.1": {
        "tpr": 0.8299003322259136,
        "threshold": 0.6971119046211243
      },
      "0.2": {
        "tpr": 0.8757475083056478,
        "threshold": 0.48960235714912415
      }
    },
    "tau20": 0.48960235714912415
  },
  "softmax lse entropy": {
    "logsumexp": {
      "auroc": 0.8892373977766419,
      "tpr@osr": {
        "0.05": {
          "tpr": 0.7760797342192691,
          "threshold": 1.6721909046173096
        },
        "0.1": {
          "tpr": 0.8186046511627907,
          "threshold": 1.1588259935379028
        },
        "0.2": {
          "tpr": 0.8471760797342193,
          "threshold": 0.6725165247917175
        }
      },
      "tau20": 0.6725165247917175
    },
    "entropy": {
      "auroc": 0.9088047853309482,
      "tpr@osr": {
        "0.05": {
          "tpr": 0.7980066445182724,
          "threshold": 1.257476806640625
        },
        "0.1": {
          "tpr": 0.837873754152824,
          "threshold": 2.029179334640503
        },
        "0.2": {
          "tpr": 0.8637873754152824,
          "threshold": 2.6769516468048096
        }
      },
      "tau20": 2.6769516468048096
    }
  },
  "softmax temperature": {
    "auroc": 0.8894048536359461,
    "tpr@osr": {
      "0.05": {
        "tpr": 0.48746312684365783,
        "threshold": 0.9997968077659607
      },
      "0.1": {
        "tpr": 0.6969026548672567,
        "threshold": 0.9993318915367126
      },
      "0.2": {
        "tpr": 0.8672566371681416,
        "threshold": 0.9927364587783813
      }
    },
    "tau20": 0.9927364587783813
  },
  "softmax temperature lse entropy": {
    "logsumexp": {
      "auroc": 0.8975122040358159,
      "tpr@osr": {
        "0.05": {
          "tpr": 0.6246312684365781,
          "threshold": 7.878931522369385
        },
        "0.1": {
          "tpr": 0.7728613569321534,
          "threshold": 6.536268711090088
        },
        "0.2": {
          "tpr": 0.8805309734513275,
          "threshold": 4.047344207763672
        }
      },
      "tau20": 4.047344207763672
    },
    "entropy": {
      "auroc": 0.9233658339206933,
      "tpr@osr": {
        "0.05": {
          "tpr": 0.7382005899705014,
          "threshold": 4.231675120536238e-06
        },
        "0.1": {
          "tpr": 0.8222713864306784,
          "threshold": 2.7114736440125853e-05
        },
        "0.2": {
          "tpr": 0.8960176991150443,
          "threshold": 0.0009329371387138963
        }
      },
      "tau20": 0.0009329371387138963
    }
  },
  "gmm": {
    "0": {
      "logsumexp": {
        "auroc": 0.7323892314081268,
        "tpr@osr": {
          "0.05": {
            "tpr": 0.42857142857142855,
            "threshold": 69.6446533203125
          },
          "0.1": {
            "tpr": 0.4757475083056478,
            "threshold": 34.61376953125
          },
          "0.2": {
            "tpr": 0.5441860465116279,
            "threshold": -4.73333740234375
          }
        },
        "tau20": -4.73333740234375
      },
      "entropy": {
        "auroc": 0.5,
        "tpr@osr": {
          "0.05": {
            "tpr": 0.0,
            "threshold": -Infinity
          },
          "0.1": {
            "tpr": 0.0,
            "threshold": -Infinity
          },
          "0.2": {
            "tpr": 0.0,
            "threshold": -Infinity
          }
        },
        "tau20": -Infinity
      }
    },
    "1": {
      "logsumexp": {
        "auroc": 0.6491261100817787,
        "tpr@osr": {
          "0.05": {
            "tpr": 0.41993355481727573,
            "threshold": -0.8865966796875
          },
          "0.1": {
            "tpr": 0.4604651162790698,
            "threshold": -33.899169921875
          },
          "0.2": {
            "tpr": 0.5023255813953489,
            "threshold": -68.89596557617188
          }
        },
        "tau20": -68.89596557617188
      },
      "entropy": {
        "auroc": 0.5,
        "tpr@osr": {
          "0.05": {
            "tpr": 0.0,
            "threshold": -Infinity
          },
          "0.1": {
            "tpr": 0.0,
            "threshold": -Infinity
          },
          "0.2": {
            "tpr": 0.0,
            "threshold": -Infinity
          }
        },
        "tau20": -Infinity
      }
    },
    "2": {
      "logsumexp": {
        "auroc": 0.6125980306031178,
        "tpr@osr": {
          "0.05": {
            "tpr": 0.4205980066445183,
            "threshold": -17.4134521484375
          },
          "0.1": {
            "tpr": 0.46312292358803986,
            "threshold": -49.031402587890625
          },
          "0.2": {
            "tpr": 0.507641196013289,
            "threshold": -84.41009521484375
          }
        },
        "tau20": -84.41009521484375
      },
      "entropy": {
        "auroc": 0.5,
        "tpr@osr": {
          "0.05": {
            "tpr": 0.0,
            "threshold": -Infinity
          },
          "0.1": {
            "tpr": 0.0,
            "threshold": -Infinity
          },
          "0.2": {
            "tpr": 0.0,
            "threshold": -Infinity
          }
        },
        "tau20": -Infinity
      }
    },
    "3": {
      "logsumexp": {
        "auroc": 0.6050083455788398,
        "tpr@osr": {
          "0.05": {
            "tpr": 0.4219269102990033,
            "threshold": 12.402496337890625
          },
          "0.1": {
            "tpr": 0.45514950166112955,
            "threshold": -23.57501220703125
          },
          "0.2": {
            "tpr": 0.5069767441860465,
            "threshold": -70.66775512695312
          }
        },
        "tau20": -70.66775512695312
      },
      "entropy": {
        "auroc": 0.5,
        "tpr@osr": {
          "0.05": {
            "tpr": 0.0,
            "threshold": -Infinity
          },
          "0.1": {
            "tpr": 0.0,
            "threshold": -Infinity
          },
          "0.2": {
            "tpr": 0.0,
            "threshold": -Infinity
          }
        },
        "tau20": -Infinity
      }
    },
    "4": {
      "logsumexp": {
        "auroc": 0.5960376469460772,
        "tpr@osr": {
          "0.05": {
            "tpr": 0.39136212624584715,
            "threshold": 126.902587890625
          },
          "0.1": {
            "tpr": 0.42657807308970097,
            "threshold": 94.28726196289062
          },
          "0.2": {
            "tpr": 0.48239202657807306,
            "threshold": 46.4862060546875
          }
        },
        "tau20": 46.4862060546875
      },
      "entropy": {
        "auroc": 0.49767441860465117,
        "tpr@osr": {
          "0.05": {
            "tpr": 0.0,
            "threshold": -Infinity
          },
          "0.1": {
            "tpr": 0.0,
            "threshold": -Infinity
          },
          "0.2": {
            "tpr": 0.0,
            "threshold": -Infinity
          }
        },
        "tau20": -Infinity
      }
    },
    "5": {
      "logsumexp": {
        "auroc": 0.673491406848965,
        "tpr@osr": {
          "0.05": {
            "tpr": 0.4491694352159468,
            "threshold": 190.91256713867188
          },
          "0.1": {
            "tpr": 0.49102990033222593,
            "threshold": 149.5059814453125
          },
          "0.2": {
            "tpr": 0.5601328903654486,
            "threshold": 84.3892822265625
          }
        },
        "tau20": 84.3892822265625
      },
      "entropy": {
        "auroc": 0.4946843853820598,
        "tpr@osr": {
          "0.05": {
            "tpr": 0.0,
            "threshold": -Infinity
          },
          "0.1": {
            "tpr": 0.0,
            "threshold": -Infinity
          },
          "0.2": {
            "tpr": 0.0,
            "threshold": -Infinity
          }
        },
        "tau20": -Infinity
      }
    }
  },