{
  "baseline_closed_map": 0.5419115276497216,
  "softmax": {
    "auroc": 0.6665321476292463,
    "tpr@osr": {
      "0.05": {
        "tpr": 0.6372363865281713,
        "threshold": 0.1116204708814621
      },
      "0.1": {
        "tpr": 0.6429021089077747,
        "threshold": 0.07389728724956512
      },
      "0.2": {
        "tpr": 0.6463644948064211,
        "threshold": 0.04513620585203171
      }
    },
    "tau20": 0.04513620585203171
  },
  "softmax lse entropy": {
    "logsumexp": {
      "auroc": 0.6664186328714552,
      "tpr@osr": {
        "0.05": {
          "tpr": 0.6416430594900849,
          "threshold": -1.9269957542419434
        },
        "0.1": {
          "tpr": 0.6435316336166195,
          "threshold": -2.3917500972747803
        },
        "0.2": {
          "tpr": 0.646994019515266,
          "threshold": -2.935810089111328
        }
      },
      "tau20": -2.935810089111328,
      "closed_map": "error: unknown prune_mode 'softmax_logsumexp'",
      "open_map": "error: unknown prune_mode 'softmax_logsumexp'"
    },
    "entropy": {
      "auroc": 0.762023153492111,
      "tpr@osr": {
        "0.05": {
          "tpr": 0.6510859301227573,
          "threshold": 0.3775424063205719
        },
        "0.1": {
          "tpr": 0.6619452313503305,
          "threshold": 0.4384812116622925
        },
        "0.2": {
          "tpr": 0.6784702549575071,
          "threshold": 0.5067654252052307
        }
      },
      "tau20": 0.5067654252052307,
      "closed_map": "error: unknown prune_mode 'softmax_entropy'",
      "open_map": "error: unknown prune_mode 'softmax_entropy'"
    }
  },
  "softmax temperature": {
    "auroc": 0.6665321227249545,
    "tpr@osr": {
      "0.05": {
        "tpr": 0.6372363865281713,
        "threshold": 3.573652065824717e-05
      },
      "0.1": {
        "tpr": 0.6429021089077747,
        "threshold": 3.8002308428986e-06
      },
      "0.2": {
        "tpr": 0.6463644948064211,
        "threshold": 2.8666315188274893e-07
      }
    },
    "tau20": 2.8666315188274893e-07
  },
  "softmax temperature lse entropy": {
    "logsumexp": {
      "auroc": 0.6685735992408789,
      "tpr@osr": {
        "0.05": {
          "tpr": 0.6413282971356625,
          "threshold": -10.7783842086792
        },
        "0.1": {
          "tpr": 0.6432168712621971,
          "threshold": -13.048240661621094
        },
        "0.2": {
          "tpr": 0.6471514006924772,
          "threshold": -15.904417037963867
        }
      },
      "tau20": -15.904417037963867
    },
    "entropy": {
      "auroc": 0.7620231624576561,
      "tpr@osr": {
        "0.05": {
          "tpr": 0.6510859301227573,
          "threshold": 0.0007259220583364367
        },
        "0.1": {
          "tpr": 0.6619452313503305,
          "threshold": 0.002499711699783802
        },
        "0.2": {
          "tpr": 0.6784702549575071,
          "threshold": 0.009471363388001919
        }
      },
      "tau20": 0.009471363388001919
    }
  },
  "gmm": {
    "0": {
      "logsumexp": {
        "auroc": 0.7996508047726234,
        "tpr@osr": {
          "0.05": {
            "tpr": 0.6378659112370161,
            "threshold": 130.64111328125
          },
          "0.1": {
            "tpr": 0.6605288007554296,
            "threshold": 67.01947021484375
          },
          "0.2": {
            "tpr": 0.7017626691847655,
            "threshold": 0.6375732421875
          }
        },
        "tau20": 0.6375732421875
      },
      "entropy": {
        "auroc": 0.7147954595977656,
        "tpr@osr": {
          "0.05": {
            "tpr": 0.0,
            "threshold": -Infinity
          },
          "0.1": {
            "tpr": 0.0,
            "threshold": -Infinity
          },
          "0.2": {
            "tpr": 0.0,
            "threshold": -Infinity
          }
        },
        "tau20": -Infinity
      }
    },
    "1": {
      "logsumexp": {
        "auroc": 0.801388841421309,
        "tpr@osr": {
          "0.05": {
            "tpr": 0.6333018570978911,
            "threshold": 195.74627685546875
          },
          "0.1": {
            "tpr": 0.6499842618822789,
            "threshold": 137.7764892578125
          },
          "0.2": {
            "tpr": 0.6792571608435631,
            "threshold": 62.204833984375
          }
        },
        "tau20": 62.204833984375
      },
      "entropy": {
        "auroc": 0.6693063323154331,
        "tpr@osr": {
          "0.05": {
            "tpr": 0.0,
            "threshold": -Infinity
          },
          "0.1": {
            "tpr": 0.0,
            "threshold": -Infinity
          },
          "0.2": {
            "tpr": 0.0,
            "threshold": -Infinity
          }
        },
        "tau20": -Infinity
      }
    },
    "2": {
      "logsumexp": {
        "auroc": 0.7924770767251539,
        "tpr@osr": {
          "0.05": {
            "tpr": 0.6252754170601196,
            "threshold": 255.68817138671875
          },
          "0.1": {
            "tpr": 0.6386528171230721,
            "threshold": 205.0418701171875
          },
          "0.2": {
            "tpr": 0.663833805476865,
            "threshold": 136.95416259765625
          }
        },
        "tau20": 136.95416259765625
      },
      "entropy": {
        "auroc": 0.7342329335301943,
        "tpr@osr": {
          "0.05": {
            "tpr": 0.0,
            "threshold": -Infinity
          },
          "0.1": {
            "tpr": 0.0,
            "threshold": -Infinity
          },
          "0.2": {
            "tpr": 0.0,
            "threshold": -Infinity
          }
        },
        "tau20": -Infinity
      }
    },
    "3": {
      "logsumexp": {
        "auroc": 0.8022980512877868,
        "tpr@osr": {
          "0.05": {
            "tpr": 0.6392823418319169,
            "threshold": 194.3675537109375
          },
          "0.1": {
            "tpr": 0.6465218759836323,
            "threshold": 43.121826171875
          },
          "0.2": {
            "tpr": 0.6680830972615676,
            "threshold": -131.5909423828125
          }
        },
        "tau20": -131.5909423828125
      },
      "entropy": {
        "auroc": 0.5334329646458157,
        "tpr@osr": {
          "0.05": {
            "tpr": 0.0,
            "threshold": -Infinity
          },
          "0.1": {
            "tpr": 0.0,
            "threshold": -Infinity
          },
          "0.2": {
            "tpr": 0.0,
            "threshold": -Infinity
          }
        },
        "tau20": -Infinity
      }
    },
    "4": {
      "logsumexp": {
        "auroc": 0.7298011719848109,
        "tpr@osr": {
          "0.05": {
            "tpr": 0.6317280453257791,
            "threshold": 356.6114501953125
          },
          "0.1": {
            "tpr": 0.6400692477179729,
            "threshold": 241.9271240234375
          },
          "0.2": {
            "tpr": 0.6520302171860245,
            "threshold": 93.293701171875
          }
        },
        "tau20": 93.293701171875
      },
      "entropy": {
        "auroc": 0.5072816921367241,
        "tpr@osr": {
          "0.05": {
            "tpr": 0.0,
            "threshold": -Infinity
          },
          "0.1": {
            "tpr": 0.0,
            "threshold": -Infinity
          },
          "0.2": {
            "tpr": 0.0,
            "threshold": -Infinity
          }
        },
        "tau20": -Infinity
      }
    },
    "5": {
      "logsumexp": {
        "auroc": 0.6661639835001935,
        "tpr@osr": {
          "0.05": {
            "tpr": 0.6045011016682404,
            "threshold": 612.2503662109375
          },
          "0.1": {
            "tpr": 0.6181932640856154,
            "threshold": 560.8526000976562
          },
          "0.2": {
            "tpr": 0.6331444759206799,
            "threshold": 481.8907470703125
          }
        },
        "tau20": 481.8907470703125
      },