{
  "gmm temperature": {
    "0": {
      "logsumexp": {
        "auroc": 0.9112373550282359,
        "tpr@osr": {
          "0.05": {
            "tpr": 0.7064708386547467,
            "threshold": 6.556628227233887
          },
          "0.1": {
            "tpr": 0.7598978288633461,
            "threshold": 6.31985330581665
          },
          "0.2": {
            "tpr": 0.8371647509578544,
            "threshold": 5.805071830749512
          }
        },
        "tau20": 5.805071830749512,
        "closed_map": -1.0,
        "open_map": -1.0
      },
      "entropy": {
        "auroc": 0.9162015574983124,
        "tpr@osr": {
          "0.05": {
            "tpr": 0.6641123882503193,
            "threshold": 1.3394139841693686e-06
          },
          "0.1": {
            "tpr": 0.7984248616432524,
            "threshold": 2.238433444290422e-05
          },
          "0.2": {
            "tpr": 0.8812260536398467,
            "threshold": 0.0005799868376925588
          }
        },
        "tau20": 0.0005799868376925588,
        "closed_map": 0.5499523707044537,
        "open_map": 0.5204949848489511
      }
    },
    "1": {
      "logsumexp": {
        "auroc": 0.917565132923614,
        "tpr@osr": {
          "0.05": {
            "tpr": 0.7505321413367391,
            "threshold": 5.774798393249512
          },
          "0.1": {
            "tpr": 0.8005534269902086,
            "threshold": 5.465475559234619
          },
          "0.2": {
            "tpr": 0.8516389953171563,
            "threshold": 4.892816543579102
          }
        },
        "tau20": 4.892816543579102,
        "closed_map": 0.6089252938777198,
        "open_map": 0.7217266692732621
      },
      "entropy": {
        "auroc": 0.8975742587065378,
        "tpr@osr": {
          "0.05": {
            "tpr": 0.3818646232439336,
            "threshold": 1.2545002536779037e-10
          },
          "0.1": {
            "tpr": 0.7456364410387399,
            "threshold": 1.4371970280535606e-07
          },
          "0.2": {
            "tpr": 0.8884631758194976,
            "threshold": 0.00010363009641878307
          }
        },
        "tau20": 0.00010363009641878307
      }
    },
    "2": {
      "logsumexp": {
        "auroc": 0.9089216582112054,
        "tpr@osr": {
          "0.05": {
            "tpr": 0.7349936143039592,
            "threshold": 7.558233737945557
          },
          "0.1": {
            "tpr": 0.7839506172839507,
            "threshold": 7.132843017578125
          },
          "0.2": {
            "tpr": 0.8482332907620264,
            "threshold": 6.282169818878174
          }
        },
        "tau20": 6.282169818878174,
        "closed_map": -1.0,
        "open_map": -1.0
      },
      "entropy": {
        "auroc": 0.9145610333773158,
        "tpr@osr": {
          "0.05": {
            "tpr": 0.6121753937845892,
            "threshold": 7.488567828657904e-18
          },
          "0.1": {
            "tpr": 0.7916134525329928,
            "threshold": 2.4440195960789834e-12
          },
          "0.2": {
            "tpr": 0.8876117496807152,
            "threshold": 7.288696224350133e-07
          }
        },
        "tau20": 7.288696224350133e-07,
        "closed_map": 0.5410249041452325,
        "open_map": 0.5344054839927194
      }
    },
    "3": {
      "logsumexp": {
        "auroc": 0.9271648450380907,
        "tpr@osr": {
          "0.05": {
            "tpr": 0.7952320136228183,
            "threshold": 6.233229160308838
          },
          "0.1": {
            "tpr": 0.8399318859088974,
            "threshold": 5.861866474151611
          },
          "0.2": {
            "tpr": 0.8786717752234994,
            "threshold": 5.142614364624023
          }
        },
        "tau20": 5.142614364624023,
        "closed_map": -1.0,
        "open_map": -1.0
      },
      "entropy": {
        "auroc": 0.9205509309239386,
        "tpr@osr": {
          "0.05": {
            "tpr": 0.7324393358876118,
            "threshold": 4.450372655512721e-21
          },
          "0.1": {
            "tpr": 0.7984248616432524,
            "threshold": 3.717671280635467e-17
          },
          "0.2": {
            "tpr": 0.8669646658152406,
            "threshold": 2.1007801401240478e-11
          }
        },
        "tau20": 2.1007801401240478e-11,
        "closed_map": 0.5284556790756239,
        "open_map": 0.5204928754639383
      }
    },
    "4": {
      "logsumexp": {
        "auroc": 0.9155481408569299,
        "tpr@osr": {
          "0.05": {
            "tpr": 0.7526607066836952,
            "threshold": 6.465856552124023
          },
          "0.1": {
            "tpr": 0.8203490847169008,
            "threshold": 5.969878673553467
          },
          "0.2": {
            "tpr": 0.8724989357173265,
            "threshold": 5.253559112548828
          }
        },
        "tau20": 5.253559112548828
      },
      "entropy": {
        "auroc": 0.9362339593197058,
        "tpr@osr": {
          "0.05": {
            "tpr": 0.7850148999574287,
            "threshold": 4.332156772397516e-27
          },
          "0.1": {
            "tpr": 0.8241805023414219,
            "threshold": 5.286181412128498e-22
          },
          "0.2": {
            "tpr": 0.877820349084717,
            "threshold": 4.1641545232318255e-16
          }
        },
        "tau20": 4.1641545232318255e-16,
        "closed_map": 0.5044580743668062,
        "open_map": 0.5265535530139449
      }
    },
    "5": {
      "logsumexp": {
        "auroc": 0.8789013163001065,
        "tpr@osr": {
          "0.05": {
            "tpr": 0.45849297573435505,
            "threshold": 8.11239242553711
          },
          "0.1": {
            "tpr": 0.6998722860791826,
            "threshold": 7.6981377601623535
          },
          "0.2": {
            "tpr": 0.8458918688803746,
            "threshold": 6.976153373718262
          }
        },
        "tau20": 6.976153373718262
      },
      "entropy": {
        "auroc": 0.883754753991942,
        "tpr@osr": {
          "0.05": {
            "tpr": 0.0,
            "threshold": -Infinity
          },
          "0.1": {
            "tpr": 0.7977862920391656,
            "threshold": -0.0
          },
          "0.2": {
            "tpr": 0.8603661132396765,
            "threshold": 1.5550225844133219e-25
          }
        },
        "tau20": 1.5550225844133219e-25
      }
    }
  },
  "gmm per class": {
    "2": {
      "auroc": 0.8963986232533416,
      "tpr@osr": {
        "0.05": {
          "tpr": 0.0,
          "threshold": -Infinity
        },
        "0.1": {
          "tpr": 0.8231162196679438,
          "threshold": -0.0
        },
        "0.2": {
          "tpr": 0.8722860791826309,
          "threshold": 2.7270441866060004e-22
        }
      },
      "tau20": 2.7270441866060004e-22
    },
    "3": {
      "auroc": 0.8140133688015825,
      "tpr@osr": {
        "0.05": {
          "tpr": 0.0,
          "threshold": -Infinity
        },
        "0.1": {
          "tpr": 0.0,
          "threshold": -Infinity
        },
        "0.2": {
          "tpr": 0.909323116219668,
          "threshold": -0.0
        }
      },
      "tau20": -0.0
    },
    "4": {
      "auroc": 0.70710712975311,
      "tpr@osr": {
        "0.05": {
          "tpr": 0.0,
          "threshold": -Infinity
        },
        "0.1": {
          "tpr": 0.0,
          "threshold": -Infinity
        },
        "0.2": {
          "tpr": 0.0,
          "threshold": -Infinity
        }
      },
      "tau20": -Infinity
    }
  }
}